"Group_name","IU_ID","IU_ID2"
"0","06385","BDI06385"
"0","06386","BDI06386"
"0","06388","BDI06388"
"0","06392","BDI06392"
"0","06394","BDI06394"
"0","06395","BDI06395"
"0","06396","BDI06396"
"0","06398","BDI06398"
"0","06399","BDI06399"
"0","06400","BDI06400"
"0","06401","BDI06401"
"0","06402","BDI06402"
"0","06403","BDI06403"
"0","06404","BDI06404"
"0","06407","BDI06407"
"0","06408","BDI06408"
"0","06409","BDI06409"
"0","06413","BDI06413"
"0","06415","BDI06415"
"0","06416","BDI06416"
"0","06417","BDI06417"
"0","06418","BDI06418"
"0","06419","BDI06419"
"0","03212","BEN03212"
"0","03213","BEN03213"
"0","03214","BEN03214"
"0","03215","BEN03215"
"0","03216","BEN03216"
"0","03217","BEN03217"
"0","03218","BEN03218"
"0","03219","BEN03219"
"0","03220","BEN03220"
"0","03221","BEN03221"
"0","03222","BEN03222"
"0","03223","BEN03223"
"0","03224","BEN03224"
"0","03225","BEN03225"
"0","03226","BEN03226"
"0","03235","BEN03235"
"0","03236","BEN03236"
"0","03237","BEN03237"
"0","03238","BEN03238"
"0","03239","BEN03239"
"0","03241","BEN03241"
"0","03242","BEN03242"
"0","03243","BEN03243"
"0","03250","BEN03250"
"0","03251","BEN03251"
"0","03252","BEN03252"
"0","05312","BFA05312"
"0","05313","BFA05313"
"0","05314","BFA05314"
"0","05315","BFA05315"
"0","05316","BFA05316"
"0","05317","BFA05317"
"0","05318","BFA05318"
"0","05319","BFA05319"
"0","05320","BFA05320"
"0","05321","BFA05321"
"0","05322","BFA05322"
"0","05323","BFA05323"
"0","05324","BFA05324"
"0","05326","BFA05326"
"0","05327","BFA05327"
"0","05328","BFA05328"
"0","05329","BFA05329"
"0","05330","BFA05330"
"0","05331","BFA05331"
"0","05332","BFA05332"
"0","05333","BFA05333"
"0","05334","BFA05334"
"0","05335","BFA05335"
"0","05336","BFA05336"
"0","05337","BFA05337"
"0","05338","BFA05338"
"0","05339","BFA05339"
"0","05340","BFA05340"
"0","05341","BFA05341"
"0","05342","BFA05342"
"0","05343","BFA05343"
"0","05344","BFA05344"
"0","05345","BFA05345"
"0","05346","BFA05346"
"0","05347","BFA05347"
"0","05348","BFA05348"
"0","05349","BFA05349"
"0","05350","BFA05350"
"0","05351","BFA05351"
"0","05352","BFA05352"
"0","05353","BFA05353"
"0","05354","BFA05354"
"0","05355","BFA05355"
"0","05356","BFA05356"
"0","05357","BFA05357"
"0","05358","BFA05358"
"0","05359","BFA05359"
"0","05360","BFA05360"
"0","05361","BFA05361"
"0","05362","BFA05362"
"0","05363","BFA05363"
"0","05364","BFA05364"
"0","05365","BFA05365"
"0","05366","BFA05366"
"0","05367","BFA05367"
"0","05368","BFA05368"
"0","05369","BFA05369"
"0","05370","BFA05370"
"0","05371","BFA05371"
"0","05372","BFA05372"
"0","05373","BFA05373"
"0","05374","BFA05374"
"0","09645","CAF09645"
"0","09648","CAF09648"
"0","09649","CAF09649"
"0","09650","CAF09650"
"0","09651","CAF09651"
"0","09652","CAF09652"
"0","09654","CAF09654"
"0","09655","CAF09655"
"0","09658","CAF09658"
"0","15347","CIV15347"
"0","15352","CIV15352"
"0","15353","CIV15353"
"0","15354","CIV15354"
"0","15356","CIV15356"
"0","15359","CIV15359"
"0","15360","CIV15360"
"0","15361","CIV15361"
"0","15373","CIV15373"
"0","15374","CIV15374"
"0","15375","CIV15375"
"0","15380","CIV15380"
"0","15382","CIV15382"
"0","15383","CIV15383"
"0","15384","CIV15384"
"0","15390","CIV15390"
"0","15391","CIV15391"
"0","15393","CIV15393"
"0","15395","CIV15395"
"0","15396","CIV15396"
"0","15397","CIV15397"
"0","15398","CIV15398"
"0","15400","CIV15400"
"0","15401","CIV15401"
"0","15405","CIV15405"
"0","15408","CIV15408"
"0","07420","CMR07420"
"0","07421","CMR07421"
"0","07422","CMR07422"
"0","07423","CMR07423"
"0","07425","CMR07425"
"0","07426","CMR07426"
"0","07427","CMR07427"
"0","07428","CMR07428"
"0","07460","CMR07460"
"0","07464","CMR07464"
"0","07465","CMR07465"
"0","07469","CMR07469"
"0","07470","CMR07470"
"0","07472","CMR07472"
"0","07473","CMR07473"
"0","07474","CMR07474"
"0","07475","CMR07475"
"0","07476","CMR07476"
"0","07477","CMR07477"
"0","07478","CMR07478"
"0","07479","CMR07479"
"0","07480","CMR07480"
"0","07481","CMR07481"
"0","07482","CMR07482"
"0","07484","CMR07484"
"0","07485","CMR07485"
"0","07486","CMR07486"
"0","07487","CMR07487"
"0","07488","CMR07488"
"0","07489","CMR07489"
"0","07490","CMR07490"
"0","07491","CMR07491"
"0","07492","CMR07492"
"0","07493","CMR07493"
"0","07494","CMR07494"
"0","07495","CMR07495"
"0","07496","CMR07496"
"0","07497","CMR07497"
"0","07498","CMR07498"
"0","07499","CMR07499"
"0","07500","CMR07500"
"0","07501","CMR07501"
"0","07502","CMR07502"
"0","07527","CMR07527"
"0","07528","CMR07528"
"0","07530","CMR07530"
"0","07531","CMR07531"
"0","07532","CMR07532"
"0","07533","CMR07533"
"0","07534","CMR07534"
"0","07535","CMR07535"
"0","07536","CMR07536"
"0","07537","CMR07537"
"0","07538","CMR07538"
"0","07539","CMR07539"
"0","07540","CMR07540"
"0","07541","CMR07541"
"0","13899","COD13899"
"0","13900","COD13900"
"0","13901","COD13901"
"0","13902","COD13902"
"0","13903","COD13903"
"0","13904","COD13904"
"0","13905","COD13905"
"0","13906","COD13906"
"0","13907","COD13907"
"0","13908","COD13908"
"0","13910","COD13910"
"0","13911","COD13911"
"0","13912","COD13912"
"0","13913","COD13913"
"0","13914","COD13914"
"0","13915","COD13915"
"0","13916","COD13916"
"0","13917","COD13917"
"0","13918","COD13918"
"0","13919","COD13919"
"0","13920","COD13920"
"0","13921","COD13921"
"0","13922","COD13922"
"0","13923","COD13923"
"0","13925","COD13925"
"0","13931","COD13931"
"0","13932","COD13932"
"0","13933","COD13933"
"0","13934","COD13934"
"0","13935","COD13935"
"0","13936","COD13936"
"0","13937","COD13937"
"0","13938","COD13938"
"0","13940","COD13940"
"0","13941","COD13941"
"0","13942","COD13942"
"0","13943","COD13943"
"0","13945","COD13945"
"0","13946","COD13946"
"0","13947","COD13947"
"0","13948","COD13948"
"0","13949","COD13949"
"0","13952","COD13952"
"0","13953","COD13953"
"0","13954","COD13954"
"0","13955","COD13955"
"0","13956","COD13956"
"0","13958","COD13958"
"0","13959","COD13959"
"0","13960","COD13960"
"0","13962","COD13962"
"0","13964","COD13964"
"0","13965","COD13965"
"0","13966","COD13966"
"0","13967","COD13967"
"0","14021","COD14021"
"0","14030","COD14030"
"0","14059","COD14059"
"0","14067","COD14067"
"0","14069","COD14069"
"0","14071","COD14071"
"0","14073","COD14073"
"0","14081","COD14081"
"0","14083","COD14083"
"0","14084","COD14084"
"0","14086","COD14086"
"0","14088","COD14088"
"0","14091","COD14091"
"0","14094","COD14094"
"0","14096","COD14096"
"0","14097","COD14097"
"0","14103","COD14103"
"0","14107","COD14107"
"0","14108","COD14108"
"0","14109","COD14109"
"0","14110","COD14110"
"0","14112","COD14112"
"0","14114","COD14114"
"0","14116","COD14116"
"0","14119","COD14119"
"0","14121","COD14121"
"0","14183","COD14183"
"0","14184","COD14184"
"0","14192","COD14192"
"0","14193","COD14193"
"0","14194","COD14194"
"0","14196","COD14196"
"0","14202","COD14202"
"0","14212","COD14212"
"0","14214","COD14214"
"0","14216","COD14216"
"0","14217","COD14217"
"0","14218","COD14218"
"0","14220","COD14220"
"0","14221","COD14221"
"0","14224","COD14224"
"0","14226","COD14226"
"0","14227","COD14227"
"0","14229","COD14229"
"0","14231","COD14231"
"0","14232","COD14232"
"0","14234","COD14234"
"0","14235","COD14235"
"0","14237","COD14237"
"0","14240","COD14240"
"0","14242","COD14242"
"0","14243","COD14243"
"0","14244","COD14244"
"0","14245","COD14245"
"0","14246","COD14246"
"0","14248","COD14248"
"0","14249","COD14249"
"0","14250","COD14250"
"0","14252","COD14252"
"0","14254","COD14254"
"0","14258","COD14258"
"0","14261","COD14261"
"0","14262","COD14262"
"0","14263","COD14263"
"0","14266","COD14266"
"0","14267","COD14267"
"0","14269","COD14269"
"0","14270","COD14270"
"0","14271","COD14271"
"0","14272","COD14272"
"0","14275","COD14275"
"0","14276","COD14276"
"0","14277","COD14277"
"0","14280","COD14280"
"0","14281","COD14281"
"0","14282","COD14282"
"0","14286","COD14286"
"0","14288","COD14288"
"0","14289","COD14289"
"0","14291","COD14291"
"0","14292","COD14292"
"0","14294","COD14294"
"0","14296","COD14296"
"0","14303","COD14303"
"0","14304","COD14304"
"0","14305","COD14305"
"0","14312","COD14312"
"0","14316","COD14316"
"0","14320","COD14320"
"0","14321","COD14321"
"0","14324","COD14324"
"0","14330","COD14330"
"0","12786","COG12786"
"0","12789","COG12789"
"0","12813","COG12813"
"0","17429","ERI17429"
"0","17431","ERI17431"
"0","17432","ERI17432"
"0","17433","ERI17433"
"0","17434","ERI17434"
"0","17435","ERI17435"
"0","17436","ERI17436"
"0","17437","ERI17437"
"0","17440","ERI17440"
"0","17441","ERI17441"
"0","17442","ERI17442"
"0","17443","ERI17443"
"0","17444","ERI17444"
"0","17445","ERI17445"
"0","17446","ERI17446"
"0","17447","ERI17447"
"0","17448","ERI17448"
"0","17449","ERI17449"
"0","17450","ERI17450"
"0","17451","ERI17451"
"0","17456","ERI17456"
"0","17457","ERI17457"
"0","17458","ERI17458"
"0","17459","ERI17459"
"0","17460","ERI17460"
"0","17461","ERI17461"
"0","17462","ERI17462"
"0","17463","ERI17463"
"0","17464","ERI17464"
"0","17465","ERI17465"
"0","17466","ERI17466"
"0","17467","ERI17467"
"0","17468","ERI17468"
"0","17469","ERI17469"
"0","17470","ERI17470"
"0","17471","ERI17471"
"0","17472","ERI17472"
"0","17473","ERI17473"
"0","17474","ERI17474"
"0","17475","ERI17475"
"0","17476","ERI17476"
"0","17477","ERI17477"
"0","17478","ERI17478"
"0","17479","ERI17479"
"0","17480","ERI17480"
"0","17481","ERI17481"
"0","17482","ERI17482"
"0","17483","ERI17483"
"0","17484","ERI17484"
"0","17485","ERI17485"
"0","17486","ERI17486"
"0","18497","ETH18497"
"0","18498","ETH18498"
"0","18499","ETH18499"
"0","18500","ETH18500"
"0","18501","ETH18501"
"0","18502","ETH18502"
"0","18503","ETH18503"
"0","18505","ETH18505"
"0","18506","ETH18506"
"0","18507","ETH18507"
"0","18508","ETH18508"
"0","18509","ETH18509"
"0","18511","ETH18511"
"0","18512","ETH18512"
"0","18513","ETH18513"
"0","18514","ETH18514"
"0","18515","ETH18515"
"0","18516","ETH18516"
"0","18517","ETH18517"
"0","18518","ETH18518"
"0","18520","ETH18520"
"0","18522","ETH18522"
"0","18523","ETH18523"
"0","18524","ETH18524"
"0","18526","ETH18526"
"0","18528","ETH18528"
"0","18529","ETH18529"
"0","18530","ETH18530"
"0","18532","ETH18532"
"0","18533","ETH18533"
"0","18534","ETH18534"
"0","18535","ETH18535"
"0","18536","ETH18536"
"0","18537","ETH18537"
"0","18538","ETH18538"
"0","18539","ETH18539"
"0","18540","ETH18540"
"0","18541","ETH18541"
"0","18542","ETH18542"
"0","18543","ETH18543"
"0","18544","ETH18544"
"0","18545","ETH18545"
"0","18546","ETH18546"
"0","18547","ETH18547"
"0","18548","ETH18548"
"0","18549","ETH18549"
"0","18550","ETH18550"
"0","18551","ETH18551"
"0","18552","ETH18552"
"0","18553","ETH18553"
"0","18554","ETH18554"
"0","18555","ETH18555"
"0","18556","ETH18556"
"0","18558","ETH18558"
"0","18559","ETH18559"
"0","18560","ETH18560"
"0","18561","ETH18561"
"0","18562","ETH18562"
"0","18563","ETH18563"
"0","18564","ETH18564"
"0","18565","ETH18565"
"0","18566","ETH18566"
"0","18567","ETH18567"
"0","18568","ETH18568"
"0","18569","ETH18569"
"0","18570","ETH18570"
"0","18571","ETH18571"
"0","18573","ETH18573"
"0","18574","ETH18574"
"0","18575","ETH18575"
"0","18576","ETH18576"
"0","18577","ETH18577"
"0","18578","ETH18578"
"0","18579","ETH18579"
"0","18580","ETH18580"
"0","18581","ETH18581"
"0","18582","ETH18582"
"0","18583","ETH18583"
"0","18584","ETH18584"
"0","18585","ETH18585"
"0","18586","ETH18586"
"0","18587","ETH18587"
"0","18588","ETH18588"
"0","18589","ETH18589"
"0","18590","ETH18590"
"0","18591","ETH18591"
"0","18592","ETH18592"
"0","18593","ETH18593"
"0","18594","ETH18594"
"0","18595","ETH18595"
"0","18596","ETH18596"
"0","18597","ETH18597"
"0","18599","ETH18599"
"0","18600","ETH18600"
"0","18601","ETH18601"
"0","18602","ETH18602"
"0","18603","ETH18603"
"0","18604","ETH18604"
"0","18605","ETH18605"
"0","18606","ETH18606"
"0","18607","ETH18607"
"0","18608","ETH18608"
"0","18609","ETH18609"
"0","18610","ETH18610"
"0","18611","ETH18611"
"0","18612","ETH18612"
"0","18613","ETH18613"
"0","18614","ETH18614"
"0","18615","ETH18615"
"0","18616","ETH18616"
"0","18617","ETH18617"
"0","18618","ETH18618"
"0","18619","ETH18619"
"0","18620","ETH18620"
"0","18621","ETH18621"
"0","18622","ETH18622"
"0","18623","ETH18623"
"0","18624","ETH18624"
"0","18625","ETH18625"
"0","18626","ETH18626"
"0","18627","ETH18627"
"0","18628","ETH18628"
"0","18629","ETH18629"
"0","18630","ETH18630"
"0","18631","ETH18631"
"0","18632","ETH18632"
"0","18633","ETH18633"
"0","18634","ETH18634"
"0","18635","ETH18635"
"0","18636","ETH18636"
"0","18637","ETH18637"
"0","18638","ETH18638"
"0","18639","ETH18639"
"0","18640","ETH18640"
"0","18641","ETH18641"
"0","18642","ETH18642"
"0","18643","ETH18643"
"0","18644","ETH18644"
"0","18645","ETH18645"
"0","18646","ETH18646"
"0","18647","ETH18647"
"0","18648","ETH18648"
"0","18649","ETH18649"
"0","18650","ETH18650"
"0","18651","ETH18651"
"0","18652","ETH18652"
"0","18653","ETH18653"
"0","18654","ETH18654"
"0","18655","ETH18655"
"0","18656","ETH18656"
"0","18657","ETH18657"
"0","18658","ETH18658"
"0","18659","ETH18659"
"0","18660","ETH18660"
"0","18661","ETH18661"
"0","18662","ETH18662"
"0","18663","ETH18663"
"0","18664","ETH18664"
"0","18665","ETH18665"
"0","18666","ETH18666"
"0","18667","ETH18667"
"0","18668","ETH18668"
"0","18669","ETH18669"
"0","18670","ETH18670"
"0","18671","ETH18671"
"0","18672","ETH18672"
"0","18673","ETH18673"
"0","18674","ETH18674"
"0","18675","ETH18675"
"0","18676","ETH18676"
"0","18678","ETH18678"
"0","18680","ETH18680"
"0","18681","ETH18681"
"0","18682","ETH18682"
"0","18683","ETH18683"
"0","18684","ETH18684"
"0","18686","ETH18686"
"0","18687","ETH18687"
"0","18688","ETH18688"
"0","18689","ETH18689"
"0","18690","ETH18690"
"0","18691","ETH18691"
"0","18692","ETH18692"
"0","18693","ETH18693"
"0","18694","ETH18694"
"0","18695","ETH18695"
"0","18696","ETH18696"
"0","18697","ETH18697"
"0","18698","ETH18698"
"0","18700","ETH18700"
"0","18701","ETH18701"
"0","18702","ETH18702"
"0","18703","ETH18703"
"0","18704","ETH18704"
"0","18714","ETH18714"
"0","18715","ETH18715"
"0","18716","ETH18716"
"0","18717","ETH18717"
"0","18718","ETH18718"
"0","18719","ETH18719"
"0","18720","ETH18720"
"0","18721","ETH18721"
"0","18723","ETH18723"
"0","18726","ETH18726"
"0","18736","ETH18736"
"0","18738","ETH18738"
"0","18739","ETH18739"
"0","18740","ETH18740"
"0","18741","ETH18741"
"0","18742","ETH18742"
"0","18743","ETH18743"
"0","18744","ETH18744"
"0","18746","ETH18746"
"0","18747","ETH18747"
"0","18748","ETH18748"
"0","18751","ETH18751"
"0","18753","ETH18753"
"0","18754","ETH18754"
"0","18755","ETH18755"
"0","18756","ETH18756"
"0","18757","ETH18757"
"0","18759","ETH18759"
"0","18760","ETH18760"
"0","18762","ETH18762"
"0","18763","ETH18763"
"0","18764","ETH18764"
"0","18766","ETH18766"
"0","18767","ETH18767"
"0","18770","ETH18770"
"0","18771","ETH18771"
"0","18772","ETH18772"
"0","18773","ETH18773"
"0","18774","ETH18774"
"0","18775","ETH18775"
"0","18777","ETH18777"
"0","18778","ETH18778"
"0","18780","ETH18780"
"0","18781","ETH18781"
"0","18783","ETH18783"
"0","18785","ETH18785"
"0","18786","ETH18786"
"0","18787","ETH18787"
"0","18790","ETH18790"
"0","18791","ETH18791"
"0","18792","ETH18792"
"0","18793","ETH18793"
"0","18794","ETH18794"
"0","18795","ETH18795"
"0","18796","ETH18796"
"0","18799","ETH18799"
"0","18801","ETH18801"
"0","18802","ETH18802"
"0","18803","ETH18803"
"0","18805","ETH18805"
"0","18806","ETH18806"
"0","18807","ETH18807"
"0","18808","ETH18808"
"0","18809","ETH18809"
"0","18810","ETH18810"
"0","18811","ETH18811"
"0","18812","ETH18812"
"0","18813","ETH18813"
"0","18814","ETH18814"
"0","18815","ETH18815"
"0","18816","ETH18816"
"0","18817","ETH18817"
"0","18818","ETH18818"
"0","18820","ETH18820"
"0","18821","ETH18821"
"0","18822","ETH18822"
"0","18823","ETH18823"
"0","18825","ETH18825"
"0","18826","ETH18826"
"0","18827","ETH18827"
"0","18828","ETH18828"
"0","18829","ETH18829"
"0","18830","ETH18830"
"0","18831","ETH18831"
"0","18832","ETH18832"
"0","18833","ETH18833"
"0","18834","ETH18834"
"0","18835","ETH18835"
"0","18836","ETH18836"
"0","18837","ETH18837"
"0","18838","ETH18838"
"0","18839","ETH18839"
"0","18840","ETH18840"
"0","18842","ETH18842"
"0","18843","ETH18843"
"0","18844","ETH18844"
"0","18845","ETH18845"
"0","18847","ETH18847"
"0","18848","ETH18848"
"0","18849","ETH18849"
"0","18850","ETH18850"
"0","18852","ETH18852"
"0","18853","ETH18853"
"0","18855","ETH18855"
"0","18856","ETH18856"
"0","18857","ETH18857"
"0","18858","ETH18858"
"0","18859","ETH18859"
"0","18860","ETH18860"
"0","18861","ETH18861"
"0","18863","ETH18863"
"0","18864","ETH18864"
"0","18865","ETH18865"
"0","18866","ETH18866"
"0","18867","ETH18867"
"0","18868","ETH18868"
"0","18869","ETH18869"
"0","18871","ETH18871"
"0","18872","ETH18872"
"0","18873","ETH18873"
"0","18875","ETH18875"
"0","18876","ETH18876"
"0","18877","ETH18877"
"0","18878","ETH18878"
"0","18881","ETH18881"
"0","18882","ETH18882"
"0","18883","ETH18883"
"0","18884","ETH18884"
"0","18885","ETH18885"
"0","18886","ETH18886"
"0","18887","ETH18887"
"0","18888","ETH18888"
"0","18889","ETH18889"
"0","18890","ETH18890"
"0","18892","ETH18892"
"0","18894","ETH18894"
"0","18895","ETH18895"
"0","18896","ETH18896"
"0","18897","ETH18897"
"0","18898","ETH18898"
"0","18899","ETH18899"
"0","18901","ETH18901"
"0","18902","ETH18902"
"0","18903","ETH18903"
"0","18904","ETH18904"
"0","18905","ETH18905"
"0","18908","ETH18908"
"0","18909","ETH18909"
"0","18910","ETH18910"
"0","18912","ETH18912"
"0","18913","ETH18913"
"0","18914","ETH18914"
"0","18915","ETH18915"
"0","18916","ETH18916"
"0","18917","ETH18917"
"0","18918","ETH18918"
"0","18919","ETH18919"
"0","18920","ETH18920"
"0","18921","ETH18921"
"0","18922","ETH18922"
"0","18924","ETH18924"
"0","18925","ETH18925"
"0","18926","ETH18926"
"0","18928","ETH18928"
"0","18930","ETH18930"
"0","18931","ETH18931"
"0","18932","ETH18932"
"0","18933","ETH18933"
"0","18935","ETH18935"
"0","18936","ETH18936"
"0","18937","ETH18937"
"0","18938","ETH18938"
"0","18939","ETH18939"
"0","18940","ETH18940"
"0","18941","ETH18941"
"0","18943","ETH18943"
"0","18944","ETH18944"
"0","18945","ETH18945"
"0","18946","ETH18946"
"0","18947","ETH18947"
"0","18948","ETH18948"
"0","18949","ETH18949"
"0","18953","ETH18953"
"0","18954","ETH18954"
"0","18955","ETH18955"
"0","18956","ETH18956"
"0","18957","ETH18957"
"0","18958","ETH18958"
"0","18959","ETH18959"
"0","18960","ETH18960"
"0","18961","ETH18961"
"0","18963","ETH18963"
"0","18964","ETH18964"
"0","18965","ETH18965"
"0","18966","ETH18966"
"0","18967","ETH18967"
"0","18969","ETH18969"
"0","18970","ETH18970"
"0","18971","ETH18971"
"0","18973","ETH18973"
"0","18975","ETH18975"
"0","18977","ETH18977"
"0","18979","ETH18979"
"0","18980","ETH18980"
"0","18981","ETH18981"
"0","18982","ETH18982"
"0","18983","ETH18983"
"0","18985","ETH18985"
"0","18986","ETH18986"
"0","18988","ETH18988"
"0","18989","ETH18989"
"0","18990","ETH18990"
"0","18991","ETH18991"
"0","18993","ETH18993"
"0","18995","ETH18995"
"0","18997","ETH18997"
"0","18998","ETH18998"
"0","18999","ETH18999"
"0","19000","ETH19000"
"0","19002","ETH19002"
"0","19004","ETH19004"
"0","19005","ETH19005"
"0","19006","ETH19006"
"0","19007","ETH19007"
"0","19008","ETH19008"
"0","19009","ETH19009"
"0","19010","ETH19010"
"0","19011","ETH19011"
"0","19012","ETH19012"
"0","19013","ETH19013"
"0","19014","ETH19014"
"0","19016","ETH19016"
"0","19017","ETH19017"
"0","19018","ETH19018"
"0","19019","ETH19019"
"0","19020","ETH19020"
"0","19021","ETH19021"
"0","19022","ETH19022"
"0","19023","ETH19023"
"0","19024","ETH19024"
"0","19026","ETH19026"
"0","19027","ETH19027"
"0","19028","ETH19028"
"0","19029","ETH19029"
"0","19030","ETH19030"
"0","19031","ETH19031"
"0","19033","ETH19033"
"0","19034","ETH19034"
"0","19035","ETH19035"
"0","19037","ETH19037"
"0","19038","ETH19038"
"0","19039","ETH19039"
"0","19040","ETH19040"
"0","19041","ETH19041"
"0","19042","ETH19042"
"0","19043","ETH19043"
"0","19044","ETH19044"
"0","19045","ETH19045"
"0","19046","ETH19046"
"0","19048","ETH19048"
"0","19049","ETH19049"
"0","19051","ETH19051"
"0","19052","ETH19052"
"0","19053","ETH19053"
"0","19054","ETH19054"
"0","19055","ETH19055"
"0","19056","ETH19056"
"0","19059","ETH19059"
"0","19060","ETH19060"
"0","19061","ETH19061"
"0","19062","ETH19062"
"0","19063","ETH19063"
"0","19064","ETH19064"
"0","19065","ETH19065"
"0","19066","ETH19066"
"0","19067","ETH19067"
"0","19068","ETH19068"
"0","19069","ETH19069"
"0","19070","ETH19070"
"0","19071","ETH19071"
"0","19072","ETH19072"
"0","19073","ETH19073"
"0","19074","ETH19074"
"0","19075","ETH19075"
"0","19076","ETH19076"
"0","19077","ETH19077"
"0","19079","ETH19079"
"0","19080","ETH19080"
"0","19081","ETH19081"
"0","19082","ETH19082"
"0","19083","ETH19083"
"0","19085","ETH19085"
"0","19086","ETH19086"
"0","19087","ETH19087"
"0","19088","ETH19088"
"0","19094","ETH19094"
"0","19095","ETH19095"
"0","19096","ETH19096"
"0","19097","ETH19097"
"0","19098","ETH19098"
"0","19099","ETH19099"
"0","19100","ETH19100"
"0","19101","ETH19101"
"0","19102","ETH19102"
"0","19103","ETH19103"
"0","19104","ETH19104"
"0","19105","ETH19105"
"0","19106","ETH19106"
"0","19107","ETH19107"
"0","19108","ETH19108"
"0","19109","ETH19109"
"0","19110","ETH19110"
"0","19111","ETH19111"
"0","19112","ETH19112"
"0","19113","ETH19113"
"0","19114","ETH19114"
"0","19115","ETH19115"
"0","19116","ETH19116"
"0","19117","ETH19117"
"0","19120","ETH19120"
"0","19123","ETH19123"
"0","19124","ETH19124"
"0","19125","ETH19125"
"0","19126","ETH19126"
"0","19127","ETH19127"
"0","19128","ETH19128"
"0","19129","ETH19129"
"0","19130","ETH19130"
"0","19131","ETH19131"
"0","19133","ETH19133"
"0","19134","ETH19134"
"0","19135","ETH19135"
"0","19136","ETH19136"
"0","19137","ETH19137"
"0","19138","ETH19138"
"0","19139","ETH19139"
"0","19140","ETH19140"
"0","19141","ETH19141"
"0","19142","ETH19142"
"0","19144","ETH19144"
"0","19145","ETH19145"
"0","19146","ETH19146"
"0","19148","ETH19148"
"0","19149","ETH19149"
"0","19150","ETH19150"
"0","19151","ETH19151"
"0","19152","ETH19152"
"0","19153","ETH19153"
"0","19154","ETH19154"
"0","19155","ETH19155"
"0","19156","ETH19156"
"0","19157","ETH19157"
"0","19158","ETH19158"
"0","19159","ETH19159"
"0","19160","ETH19160"
"0","19161","ETH19161"
"0","19162","ETH19162"
"0","19163","ETH19163"
"0","19164","ETH19164"
"0","19165","ETH19165"
"0","19166","ETH19166"
"0","19167","ETH19167"
"0","19170","ETH19170"
"0","19171","ETH19171"
"0","19172","ETH19172"
"0","19174","ETH19174"
"0","19175","ETH19175"
"0","19176","ETH19176"
"0","19177","ETH19177"
"0","19178","ETH19178"
"0","19179","ETH19179"
"0","19180","ETH19180"
"0","19181","ETH19181"
"0","19182","ETH19182"
"0","19183","ETH19183"
"0","19184","ETH19184"
"0","19185","ETH19185"
"0","19186","ETH19186"
"0","19187","ETH19187"
"0","19188","ETH19188"
"0","19189","ETH19189"
"0","19190","ETH19190"
"0","19191","ETH19191"
"0","19192","ETH19192"
"0","19193","ETH19193"
"0","19194","ETH19194"
"0","19196","ETH19196"
"0","19197","ETH19197"
"0","19199","ETH19199"
"0","19202","ETH19202"
"0","19203","ETH19203"
"0","19204","ETH19204"
"0","19205","ETH19205"
"0","19206","ETH19206"
"0","19207","ETH19207"
"0","19208","ETH19208"
"0","19209","ETH19209"
"0","19210","ETH19210"
"0","19211","ETH19211"
"0","19212","ETH19212"
"0","19213","ETH19213"
"0","19214","ETH19214"
"0","19215","ETH19215"
"0","19216","ETH19216"
"0","19217","ETH19217"
"0","19218","ETH19218"
"0","19219","ETH19219"
"0","19220","ETH19220"
"0","19221","ETH19221"
"0","19222","ETH19222"
"0","19223","ETH19223"
"0","19224","ETH19224"
"0","19226","ETH19226"
"0","19227","ETH19227"
"0","19228","ETH19228"
"0","19229","ETH19229"
"0","19230","ETH19230"
"0","19231","ETH19231"
"0","19232","ETH19232"
"0","19234","ETH19234"
"0","19235","ETH19235"
"0","19236","ETH19236"
"0","19237","ETH19237"
"0","19238","ETH19238"
"0","19239","ETH19239"
"0","19242","ETH19242"
"0","19243","ETH19243"
"0","19244","ETH19244"
"0","19245","ETH19245"
"0","19246","ETH19246"
"0","19247","ETH19247"
"0","19248","ETH19248"
"0","19249","ETH19249"
"0","19250","ETH19250"
"0","19251","ETH19251"
"0","19252","ETH19252"
"0","19253","ETH19253"
"0","19254","ETH19254"
"0","19255","ETH19255"
"0","19256","ETH19256"
"0","19257","ETH19257"
"0","19260","ETH19260"
"0","19261","ETH19261"
"0","19262","ETH19262"
"0","19263","ETH19263"
"0","19265","ETH19265"
"0","19266","ETH19266"
"0","19267","ETH19267"
"0","19271","ETH19271"
"0","19272","ETH19272"
"0","19273","ETH19273"
"0","19274","ETH19274"
"0","19276","ETH19276"
"0","19277","ETH19277"
"0","19278","ETH19278"
"0","19280","ETH19280"
"0","19281","ETH19281"
"0","19282","ETH19282"
"0","19284","ETH19284"
"0","19285","ETH19285"
"0","19286","ETH19286"
"0","19287","ETH19287"
"0","19288","ETH19288"
"0","19289","ETH19289"
"0","19290","ETH19290"
"0","19291","ETH19291"
"0","19292","ETH19292"
"0","19293","ETH19293"
"0","19294","ETH19294"
"0","19295","ETH19295"
"0","19296","ETH19296"
"0","19297","ETH19297"
"0","19299","ETH19299"
"0","19300","ETH19300"
"0","19302","ETH19302"
"0","19303","ETH19303"
"0","19304","ETH19304"
"0","19306","ETH19306"
"0","19307","ETH19307"
"0","19308","ETH19308"
"0","19309","ETH19309"
"0","19311","ETH19311"
"0","19313","ETH19313"
"0","19314","ETH19314"
"0","19319","ETH19319"
"0","19320","ETH19320"
"0","19321","ETH19321"
"0","19322","ETH19322"
"0","19323","ETH19323"
"0","19324","ETH19324"
"0","19325","ETH19325"
"0","19326","ETH19326"
"0","19331","ETH19331"
"0","19332","ETH19332"
"0","19334","ETH19334"
"0","21503","GHA21503"
"0","21504","GHA21504"
"0","21505","GHA21505"
"0","21506","GHA21506"
"0","21507","GHA21507"
"0","21508","GHA21508"
"0","21509","GHA21509"
"0","21510","GHA21510"
"0","21512","GHA21512"
"0","21515","GHA21515"
"0","21516","GHA21516"
"0","21518","GHA21518"
"0","21520","GHA21520"
"0","21521","GHA21521"
"0","21523","GHA21523"
"0","21524","GHA21524"
"0","21525","GHA21525"
"0","21526","GHA21526"
"0","21527","GHA21527"
"0","21528","GHA21528"
"0","21529","GHA21529"
"0","21530","GHA21530"
"0","21531","GHA21531"
"0","21533","GHA21533"
"0","21534","GHA21534"
"0","21536","GHA21536"
"0","21537","GHA21537"
"0","21538","GHA21538"
"0","21539","GHA21539"
"0","21541","GHA21541"
"0","21543","GHA21543"
"0","21545","GHA21545"
"0","21546","GHA21546"
"0","21547","GHA21547"
"0","21548","GHA21548"
"0","21550","GHA21550"
"0","21551","GHA21551"
"0","21552","GHA21552"
"0","21553","GHA21553"
"0","21554","GHA21554"
"0","22604","GIN22604"
"0","22605","GIN22605"
"0","22607","GIN22607"
"0","22608","GIN22608"
"0","22610","GIN22610"
"0","22611","GIN22611"
"0","22612","GIN22612"
"0","22616","GIN22616"
"0","22617","GIN22617"
"0","22618","GIN22618"
"0","22620","GIN22620"
"0","22621","GIN22621"
"0","22622","GIN22622"
"0","22624","GIN22624"
"0","22626","GIN22626"
"0","22627","GIN22627"
"0","22628","GIN22628"
"0","22629","GIN22629"
"0","22630","GIN22630"
"0","22631","GIN22631"
"0","22632","GIN22632"
"0","22635","GIN22635"
"0","22636","GIN22636"
"0","22638","GIN22638"
"0","22639","GIN22639"
"0","22640","GIN22640"
"0","22641","GIN22641"
"0","47623","GMB47623"
"0","47624","GMB47624"
"0","47625","GMB47625"
"0","47626","GMB47626"
"0","47627","GMB47627"
"0","47628","GMB47628"
"0","47629","GMB47629"
"0","47630","GMB47630"
"0","47631","GMB47631"
"0","47632","GMB47632"
"0","47633","GMB47633"
"0","47634","GMB47634"
"0","47635","GMB47635"
"0","47636","GMB47636"
"0","47637","GMB47637"
"0","47638","GMB47638"
"0","47639","GMB47639"
"0","47641","GMB47641"
"0","47642","GMB47642"
"0","47643","GMB47643"
"0","47644","GMB47644"
"0","47645","GMB47645"
"0","47647","GMB47647"
"0","47649","GMB47649"
"0","47650","GMB47650"
"0","47651","GMB47651"
"0","47652","GMB47652"
"0","47653","GMB47653"
"0","47654","GMB47654"
"0","47655","GMB47655"
"0","47657","GMB47657"
"0","47658","GMB47658"
"0","47659","GMB47659"
"0","47660","GMB47660"
"0","47661","GMB47661"
"0","47662","GMB47662"
"0","47663","GMB47663"
"0","47664","GMB47664"
"0","47665","GMB47665"
"0","54001","KEN54001"
"0","54002","KEN54002"
"0","54003","KEN54003"
"0","54006","KEN54006"
"0","54036","KEN54036"
"0","54052","KEN54052"
"0","54053","KEN54053"
"0","54054","KEN54054"
"0","54055","KEN54055"
"0","54056","KEN54056"
"0","54114","KEN54114"
"0","54115","KEN54115"
"0","54117","KEN54117"
"0","54119","KEN54119"
"0","54120","KEN54120"
"0","54121","KEN54121"
"0","54126","KEN54126"
"0","54127","KEN54127"
"0","54128","KEN54128"
"0","54151","KEN54151"
"0","54152","KEN54152"
"0","54153","KEN54153"
"0","54154","KEN54154"
"0","54157","KEN54157"
"0","54158","KEN54158"
"0","54159","KEN54159"
"0","54162","KEN54162"
"0","54163","KEN54163"
"0","54264","KEN54264"
"0","54265","KEN54265"
"0","54266","KEN54266"
"0","54267","KEN54267"
"0","54268","KEN54268"
"0","54269","KEN54269"
"0","54287","KEN54287"
"0","54288","KEN54288"
"0","54289","KEN54289"
"0","54290","KEN54290"
"0","29972","MLI29972"
"0","29976","MLI29976"
"0","29978","MLI29978"
"0","29979","MLI29979"
"0","29980","MLI29980"
"0","29981","MLI29981"
"0","29982","MLI29982"
"0","29983","MLI29983"
"0","29984","MLI29984"
"0","29985","MLI29985"
"0","29986","MLI29986"
"0","29987","MLI29987"
"0","29988","MLI29988"
"0","29989","MLI29989"
"0","29990","MLI29990"
"0","29991","MLI29991"
"0","29992","MLI29992"
"0","29993","MLI29993"
"0","29994","MLI29994"
"0","29995","MLI29995"
"0","29996","MLI29996"
"0","29997","MLI29997"
"0","29998","MLI29998"
"0","29999","MLI29999"
"0","30000","MLI30000"
"0","30001","MLI30001"
"0","30002","MLI30002"
"0","30003","MLI30003"
"0","30004","MLI30004"
"0","30005","MLI30005"
"0","30006","MLI30006"
"0","30007","MLI30007"
"0","30008","MLI30008"
"0","30009","MLI30009"
"0","30010","MLI30010"
"0","30011","MLI30011"
"0","30012","MLI30012"
"0","30013","MLI30013"
"0","30014","MLI30014"
"0","30015","MLI30015"
"0","30016","MLI30016"
"0","30017","MLI30017"
"0","30018","MLI30018"
"0","30019","MLI30019"
"0","30020","MLI30020"
"0","30021","MLI30021"
"0","30022","MLI30022"
"0","30023","MLI30023"
"0","30024","MLI30024"
"0","30025","MLI30025"
"0","30026","MLI30026"
"0","30027","MLI30027"
"0","30028","MLI30028"
"0","30029","MLI30029"
"0","30030","MLI30030"
"0","30031","MLI30031"
"0","30032","MLI30032"
"0","30033","MLI30033"
"0","30034","MLI30034"
"0","33100","MOZ33100"
"0","33101","MOZ33101"
"0","33102","MOZ33102"
"0","33104","MOZ33104"
"0","33105","MOZ33105"
"0","33106","MOZ33106"
"0","33107","MOZ33107"
"0","33108","MOZ33108"
"0","33109","MOZ33109"
"0","33110","MOZ33110"
"0","33111","MOZ33111"
"0","33112","MOZ33112"
"0","33113","MOZ33113"
"0","33114","MOZ33114"
"0","33115","MOZ33115"
"0","33116","MOZ33116"
"0","33124","MOZ33124"
"0","33125","MOZ33125"
"0","33126","MOZ33126"
"0","33127","MOZ33127"
"0","33129","MOZ33129"
"0","33130","MOZ33130"
"0","33131","MOZ33131"
"0","33132","MOZ33132"
"0","33133","MOZ33133"
"0","33134","MOZ33134"
"0","33135","MOZ33135"
"0","33136","MOZ33136"
"0","33137","MOZ33137"
"0","33138","MOZ33138"
"0","33140","MOZ33140"
"0","33141","MOZ33141"
"0","33142","MOZ33142"
"0","33143","MOZ33143"
"0","33144","MOZ33144"
"0","33146","MOZ33146"
"0","33147","MOZ33147"
"0","33148","MOZ33148"
"0","33149","MOZ33149"
"0","33150","MOZ33150"
"0","33152","MOZ33152"
"0","33153","MOZ33153"
"0","33155","MOZ33155"
"0","33156","MOZ33156"
"0","33157","MOZ33157"
"0","33158","MOZ33158"
"0","33159","MOZ33159"
"0","33160","MOZ33160"
"0","33162","MOZ33162"
"0","33164","MOZ33164"
"0","33165","MOZ33165"
"0","33166","MOZ33166"
"0","33167","MOZ33167"
"0","33168","MOZ33168"
"0","33169","MOZ33169"
"0","33171","MOZ33171"
"0","33173","MOZ33173"
"0","33175","MOZ33175"
"0","33178","MOZ33178"
"0","33179","MOZ33179"
"0","33180","MOZ33180"
"0","33181","MOZ33181"
"0","33182","MOZ33182"
"0","33183","MOZ33183"
"0","33184","MOZ33184"
"0","33185","MOZ33185"
"0","33186","MOZ33186"
"0","33187","MOZ33187"
"0","33188","MOZ33188"
"0","33190","MOZ33190"
"0","33191","MOZ33191"
"0","33192","MOZ33192"
"0","33193","MOZ33193"
"0","33194","MOZ33194"
"0","33195","MOZ33195"
"0","33196","MOZ33196"
"0","33197","MOZ33197"
"0","33198","MOZ33198"
"0","33199","MOZ33199"
"0","33200","MOZ33200"
"0","33201","MOZ33201"
"0","33202","MOZ33202"
"0","33203","MOZ33203"
"0","33204","MOZ33204"
"0","33205","MOZ33205"
"0","33206","MOZ33206"
"0","33207","MOZ33207"
"0","33208","MOZ33208"
"0","33209","MOZ33209"
"0","33210","MOZ33210"
"0","33211","MOZ33211"
"0","33212","MOZ33212"
"0","33213","MOZ33213"
"0","33214","MOZ33214"
"0","33216","MOZ33216"
"0","33217","MOZ33217"
"0","33218","MOZ33218"
"0","33219","MOZ33219"
"0","33220","MOZ33220"
"0","33221","MOZ33221"
"0","33222","MOZ33222"
"0","33223","MOZ33223"
"0","33224","MOZ33224"
"0","33225","MOZ33225"
"0","33226","MOZ33226"
"0","33227","MOZ33227"
"0","33229","MOZ33229"
"0","33230","MOZ33230"
"0","33231","MOZ33231"
"0","33233","MOZ33233"
"0","33234","MOZ33234"
"0","33235","MOZ33235"
"0","33236","MOZ33236"
"0","33237","MOZ33237"
"0","33238","MOZ33238"
"0","33240","MOZ33240"
"0","33241","MOZ33241"
"0","33242","MOZ33242"
"0","33243","MOZ33243"
"0","33244","MOZ33244"
"0","33245","MOZ33245"
"0","33246","MOZ33246"
"0","33247","MOZ33247"
"0","33248","MOZ33248"
"0","33249","MOZ33249"
"0","33251","MOZ33251"
"0","33253","MOZ33253"
"0","33254","MOZ33254"
"0","33256","MOZ33256"
"0","33257","MOZ33257"
"0","33258","MOZ33258"
"0","33259","MOZ33259"
"0","31035","MRT31035"
"0","31036","MRT31036"
"0","31037","MRT31037"
"0","31038","MRT31038"
"0","31039","MRT31039"
"0","31040","MRT31040"
"0","31042","MRT31042"
"0","31043","MRT31043"
"0","31044","MRT31044"
"0","31045","MRT31045"
"0","31046","MRT31046"
"0","31047","MRT31047"
"0","31048","MRT31048"
"0","31049","MRT31049"
"0","31051","MRT31051"
"0","31052","MRT31052"
"0","31053","MRT31053"
"0","31054","MRT31054"
"0","31055","MRT31055"
"0","31056","MRT31056"
"0","31057","MRT31057"
"0","31058","MRT31058"
"0","31059","MRT31059"
"0","31060","MRT31060"
"0","31061","MRT31061"
"0","31062","MRT31062"
"0","31063","MRT31063"
"0","31064","MRT31064"
"0","31065","MRT31065"
"0","31066","MRT31066"
"0","31067","MRT31067"
"0","31068","MRT31068"
"0","31078","MRT31078"
"0","31079","MRT31079"
"0","31080","MRT31080"
"0","31081","MRT31081"
"0","31082","MRT31082"
"0","31083","MRT31083"
"0","31084","MRT31084"
"0","31085","MRT31085"
"0","31086","MRT31086"
"0","31087","MRT31087"
"0","31088","MRT31088"
"0","31089","MRT31089"
"0","28944","MWI28944"
"0","28948","MWI28948"
"0","28953","MWI28953"
"0","28958","MWI28958"
"0","28959","MWI28959"
"0","28961","MWI28961"
"0","28962","MWI28962"
"0","28967","MWI28967"
"0","28968","MWI28968"
"0","28969","MWI28969"
"0","28972","MWI28972"
"0","28973","MWI28973"
"0","35295","NER35295"
"0","35296","NER35296"
"0","35297","NER35297"
"0","35298","NER35298"
"0","35299","NER35299"
"0","35300","NER35300"
"0","35301","NER35301"
"0","35302","NER35302"
"0","35305","NER35305"
"0","35309","NER35309"
"0","35310","NER35310"
"0","35312","NER35312"
"0","35319","NER35319"
"0","35323","NER35323"
"0","35325","NER35325"
"0","35326","NER35326"
"0","35328","NER35328"
"0","35330","NER35330"
"0","35331","NER35331"
"0","35334","NER35334"
"0","36354","NGA36354"
"0","36355","NGA36355"
"0","36356","NGA36356"
"0","36357","NGA36357"
"0","36358","NGA36358"
"0","36359","NGA36359"
"0","36360","NGA36360"
"0","36361","NGA36361"
"0","36362","NGA36362"
"0","36363","NGA36363"
"0","36364","NGA36364"
"0","36365","NGA36365"
"0","36366","NGA36366"
"0","36367","NGA36367"
"0","36368","NGA36368"
"0","36369","NGA36369"
"0","36370","NGA36370"
"0","36371","NGA36371"
"0","36372","NGA36372"
"0","36373","NGA36373"
"0","36374","NGA36374"
"0","36406","NGA36406"
"0","36407","NGA36407"
"0","36408","NGA36408"
"0","36409","NGA36409"
"0","36410","NGA36410"
"0","36411","NGA36411"
"0","36412","NGA36412"
"0","36413","NGA36413"
"0","36414","NGA36414"
"0","36415","NGA36415"
"0","36416","NGA36416"
"0","36417","NGA36417"
"0","36418","NGA36418"
"0","36419","NGA36419"
"0","36420","NGA36420"
"0","36421","NGA36421"
"0","36422","NGA36422"
"0","36423","NGA36423"
"0","36424","NGA36424"
"0","36425","NGA36425"
"0","36426","NGA36426"
"0","36427","NGA36427"
"0","36428","NGA36428"
"0","36429","NGA36429"
"0","36430","NGA36430"
"0","36431","NGA36431"
"0","36432","NGA36432"
"0","36433","NGA36433"
"0","36434","NGA36434"
"0","36435","NGA36435"
"0","36436","NGA36436"
"0","36437","NGA36437"
"0","36438","NGA36438"
"0","36439","NGA36439"
"0","36440","NGA36440"
"0","36441","NGA36441"
"0","36442","NGA36442"
"0","36443","NGA36443"
"0","36444","NGA36444"
"0","36445","NGA36445"
"0","36446","NGA36446"
"0","36455","NGA36455"
"0","36456","NGA36456"
"0","36457","NGA36457"
"0","36458","NGA36458"
"0","36459","NGA36459"
"0","36460","NGA36460"
"0","36461","NGA36461"
"0","36462","NGA36462"
"0","36463","NGA36463"
"0","36464","NGA36464"
"0","36465","NGA36465"
"0","36466","NGA36466"
"0","36467","NGA36467"
"0","36468","NGA36468"
"0","36469","NGA36469"
"0","36470","NGA36470"
"0","36471","NGA36471"
"0","36472","NGA36472"
"0","36473","NGA36473"
"0","36474","NGA36474"
"0","36475","NGA36475"
"0","36476","NGA36476"
"0","36477","NGA36477"
"0","36479","NGA36479"
"0","36480","NGA36480"
"0","36481","NGA36481"
"0","36482","NGA36482"
"0","36483","NGA36483"
"0","36484","NGA36484"
"0","36488","NGA36488"
"0","36489","NGA36489"
"0","36490","NGA36490"
"0","36491","NGA36491"
"0","36494","NGA36494"
"0","36495","NGA36495"
"0","36497","NGA36497"
"0","36498","NGA36498"
"0","36500","NGA36500"
"0","36501","NGA36501"
"0","36502","NGA36502"
"0","36503","NGA36503"
"0","36504","NGA36504"
"0","36548","NGA36548"
"0","36549","NGA36549"
"0","36550","NGA36550"
"0","36551","NGA36551"
"0","36552","NGA36552"
"0","36553","NGA36553"
"0","36554","NGA36554"
"0","36555","NGA36555"
"0","36556","NGA36556"
"0","36557","NGA36557"
"0","36558","NGA36558"
"0","36559","NGA36559"
"0","36560","NGA36560"
"0","36561","NGA36561"
"0","36562","NGA36562"
"0","36563","NGA36563"
"0","36564","NGA36564"
"0","36565","NGA36565"
"0","36566","NGA36566"
"0","36567","NGA36567"
"0","36569","NGA36569"
"0","36570","NGA36570"
"0","36571","NGA36571"
"0","36572","NGA36572"
"0","36573","NGA36573"
"0","36574","NGA36574"
"0","36575","NGA36575"
"0","36576","NGA36576"
"0","36577","NGA36577"
"0","36578","NGA36578"
"0","36595","NGA36595"
"0","36596","NGA36596"
"0","36597","NGA36597"
"0","36598","NGA36598"
"0","36599","NGA36599"
"0","36600","NGA36600"
"0","36601","NGA36601"
"0","36602","NGA36602"
"0","36603","NGA36603"
"0","36604","NGA36604"
"0","36605","NGA36605"
"0","36606","NGA36606"
"0","36607","NGA36607"
"0","36608","NGA36608"
"0","36609","NGA36609"
"0","36610","NGA36610"
"0","36611","NGA36611"
"0","36612","NGA36612"
"0","36613","NGA36613"
"0","36614","NGA36614"
"0","36615","NGA36615"
"0","36616","NGA36616"
"0","36617","NGA36617"
"0","36618","NGA36618"
"0","36619","NGA36619"
"0","36620","NGA36620"
"0","36621","NGA36621"
"0","36622","NGA36622"
"0","36623","NGA36623"
"0","36624","NGA36624"
"0","36625","NGA36625"
"0","36626","NGA36626"
"0","36627","NGA36627"
"0","36628","NGA36628"
"0","36656","NGA36656"
"0","36657","NGA36657"
"0","36658","NGA36658"
"0","36659","NGA36659"
"0","36660","NGA36660"
"0","36661","NGA36661"
"0","36662","NGA36662"
"0","36663","NGA36663"
"0","36664","NGA36664"
"0","36665","NGA36665"
"0","36666","NGA36666"
"0","36667","NGA36667"
"0","36668","NGA36668"
"0","36669","NGA36669"
"0","36670","NGA36670"
"0","36671","NGA36671"
"0","36672","NGA36672"
"0","36673","NGA36673"
"0","36674","NGA36674"
"0","36675","NGA36675"
"0","36676","NGA36676"
"0","36677","NGA36677"
"0","36678","NGA36678"
"0","36679","NGA36679"
"0","36680","NGA36680"
"0","36681","NGA36681"
"0","36682","NGA36682"
"0","36683","NGA36683"
"0","36684","NGA36684"
"0","36685","NGA36685"
"0","36686","NGA36686"
"0","36687","NGA36687"
"0","36688","NGA36688"
"0","36689","NGA36689"
"0","36690","NGA36690"
"0","36691","NGA36691"
"0","36692","NGA36692"
"0","36693","NGA36693"
"0","36694","NGA36694"
"0","36695","NGA36695"
"0","36696","NGA36696"
"0","36697","NGA36697"
"0","36698","NGA36698"
"0","36699","NGA36699"
"0","36700","NGA36700"
"0","36701","NGA36701"
"0","36702","NGA36702"
"0","36703","NGA36703"
"0","36704","NGA36704"
"0","36705","NGA36705"
"0","36706","NGA36706"
"0","36707","NGA36707"
"0","36708","NGA36708"
"0","36709","NGA36709"
"0","36710","NGA36710"
"0","36711","NGA36711"
"0","36712","NGA36712"
"0","36713","NGA36713"
"0","36714","NGA36714"
"0","36715","NGA36715"
"0","36716","NGA36716"
"0","36717","NGA36717"
"0","36718","NGA36718"
"0","36719","NGA36719"
"0","36720","NGA36720"
"0","36721","NGA36721"
"0","36722","NGA36722"
"0","36723","NGA36723"
"0","36724","NGA36724"
"0","36725","NGA36725"
"0","36726","NGA36726"
"0","36727","NGA36727"
"0","36728","NGA36728"
"0","36729","NGA36729"
"0","36730","NGA36730"
"0","36731","NGA36731"
"0","36732","NGA36732"
"0","36733","NGA36733"
"0","36734","NGA36734"
"0","36735","NGA36735"
"0","36736","NGA36736"
"0","36737","NGA36737"
"0","36738","NGA36738"
"0","36739","NGA36739"
"0","36740","NGA36740"
"0","36741","NGA36741"
"0","36742","NGA36742"
"0","36743","NGA36743"
"0","36744","NGA36744"
"0","36745","NGA36745"
"0","36746","NGA36746"
"0","36747","NGA36747"
"0","36748","NGA36748"
"0","36749","NGA36749"
"0","36750","NGA36750"
"0","36751","NGA36751"
"0","36752","NGA36752"
"0","36753","NGA36753"
"0","36754","NGA36754"
"0","36755","NGA36755"
"0","36756","NGA36756"
"0","36757","NGA36757"
"0","36758","NGA36758"
"0","36759","NGA36759"
"0","36760","NGA36760"
"0","36761","NGA36761"
"0","36762","NGA36762"
"0","36763","NGA36763"
"0","36764","NGA36764"
"0","36765","NGA36765"
"0","36766","NGA36766"
"0","36767","NGA36767"
"0","36768","NGA36768"
"0","36769","NGA36769"
"0","36770","NGA36770"
"0","36771","NGA36771"
"0","36772","NGA36772"
"0","36773","NGA36773"
"0","36774","NGA36774"
"0","36775","NGA36775"
"0","36776","NGA36776"
"0","36777","NGA36777"
"0","36778","NGA36778"
"0","36779","NGA36779"
"0","36780","NGA36780"
"0","36781","NGA36781"
"0","36782","NGA36782"
"0","36783","NGA36783"
"0","36784","NGA36784"
"0","36785","NGA36785"
"0","36786","NGA36786"
"0","36787","NGA36787"
"0","36788","NGA36788"
"0","36789","NGA36789"
"0","36790","NGA36790"
"0","36791","NGA36791"
"0","36792","NGA36792"
"0","36793","NGA36793"
"0","36794","NGA36794"
"0","36795","NGA36795"
"0","36796","NGA36796"
"0","36797","NGA36797"
"0","36798","NGA36798"
"0","36799","NGA36799"
"0","36800","NGA36800"
"0","36801","NGA36801"
"0","36802","NGA36802"
"0","36803","NGA36803"
"0","36804","NGA36804"
"0","36808","NGA36808"
"0","36823","NGA36823"
"0","36824","NGA36824"
"0","36825","NGA36825"
"0","36826","NGA36826"
"0","36828","NGA36828"
"0","36829","NGA36829"
"0","36831","NGA36831"
"0","36832","NGA36832"
"0","36837","NGA36837"
"0","36838","NGA36838"
"0","36841","NGA36841"
"0","36862","NGA36862"
"0","36863","NGA36863"
"0","36864","NGA36864"
"0","36865","NGA36865"
"0","36866","NGA36866"
"0","36867","NGA36867"
"0","36868","NGA36868"
"0","36869","NGA36869"
"0","36870","NGA36870"
"0","36871","NGA36871"
"0","36872","NGA36872"
"0","36873","NGA36873"
"0","36874","NGA36874"
"0","36875","NGA36875"
"0","36876","NGA36876"
"0","36877","NGA36877"
"0","36878","NGA36878"
"0","36879","NGA36879"
"0","36880","NGA36880"
"0","36881","NGA36881"
"0","36882","NGA36882"
"0","36883","NGA36883"
"0","36884","NGA36884"
"0","36885","NGA36885"
"0","36886","NGA36886"
"0","36887","NGA36887"
"0","36888","NGA36888"
"0","36889","NGA36889"
"0","36890","NGA36890"
"0","36891","NGA36891"
"0","36892","NGA36892"
"0","36893","NGA36893"
"0","36894","NGA36894"
"0","36895","NGA36895"
"0","36896","NGA36896"
"0","36897","NGA36897"
"0","36898","NGA36898"
"0","36899","NGA36899"
"0","37001","NGA37001"
"0","37002","NGA37002"
"0","37003","NGA37003"
"0","37004","NGA37004"
"0","37005","NGA37005"
"0","37006","NGA37006"
"0","37007","NGA37007"
"0","37008","NGA37008"
"0","37009","NGA37009"
"0","37010","NGA37010"
"0","37011","NGA37011"
"0","37012","NGA37012"
"0","37013","NGA37013"
"0","37014","NGA37014"
"0","37015","NGA37015"
"0","37016","NGA37016"
"0","37017","NGA37017"
"0","37041","NGA37041"
"0","37042","NGA37042"
"0","37043","NGA37043"
"0","37044","NGA37044"
"0","37045","NGA37045"
"0","37046","NGA37046"
"0","37047","NGA37047"
"0","37048","NGA37048"
"0","37049","NGA37049"
"0","37050","NGA37050"
"0","37051","NGA37051"
"0","37052","NGA37052"
"0","37053","NGA37053"
"0","37054","NGA37054"
"0","37055","NGA37055"
"0","37056","NGA37056"
"0","37057","NGA37057"
"0","37058","NGA37058"
"0","37059","NGA37059"
"0","37060","NGA37060"
"0","37061","NGA37061"
"0","37062","NGA37062"
"0","37063","NGA37063"
"0","37064","NGA37064"
"0","37065","NGA37065"
"0","37066","NGA37066"
"0","37067","NGA37067"
"0","37068","NGA37068"
"0","37069","NGA37069"
"0","37070","NGA37070"
"0","37071","NGA37071"
"0","37072","NGA37072"
"0","37073","NGA37073"
"0","37074","NGA37074"
"0","37075","NGA37075"
"0","37076","NGA37076"
"0","37077","NGA37077"
"0","37078","NGA37078"
"0","37079","NGA37079"
"0","37080","NGA37080"
"0","37081","NGA37081"
"0","37082","NGA37082"
"0","37083","NGA37083"
"0","37084","NGA37084"
"0","37085","NGA37085"
"0","37086","NGA37086"
"0","37087","NGA37087"
"0","37088","NGA37088"
"0","37089","NGA37089"
"0","37090","NGA37090"
"0","37091","NGA37091"
"0","37092","NGA37092"
"0","37093","NGA37093"
"0","37094","NGA37094"
"0","37095","NGA37095"
"0","37096","NGA37096"
"0","37097","NGA37097"
"0","37098","NGA37098"
"0","37099","NGA37099"
"0","37100","NGA37100"
"0","37101","NGA37101"
"0","37102","NGA37102"
"0","37103","NGA37103"
"0","37104","NGA37104"
"0","37105","NGA37105"
"0","37106","NGA37106"
"0","37107","NGA37107"
"0","37108","NGA37108"
"0","37109","NGA37109"
"0","37110","NGA37110"
"0","53197","SDN53197"
"0","53198","SDN53198"
"0","53199","SDN53199"
"0","53200","SDN53200"
"0","53201","SDN53201"
"0","53202","SDN53202"
"0","53203","SDN53203"
"0","53204","SDN53204"
"0","53205","SDN53205"
"0","53206","SDN53206"
"0","53207","SDN53207"
"0","53208","SDN53208"
"0","53209","SDN53209"
"0","53210","SDN53210"
"0","53211","SDN53211"
"0","53213","SDN53213"
"0","53214","SDN53214"
"0","53215","SDN53215"
"0","53216","SDN53216"
"0","53217","SDN53217"
"0","53218","SDN53218"
"0","53219","SDN53219"
"0","53220","SDN53220"
"0","53221","SDN53221"
"0","53223","SDN53223"
"0","53224","SDN53224"
"0","53225","SDN53225"
"0","53228","SDN53228"
"0","53229","SDN53229"
"0","53230","SDN53230"
"0","53231","SDN53231"
"0","53234","SDN53234"
"0","53238","SDN53238"
"0","53239","SDN53239"
"0","53241","SDN53241"
"0","53242","SDN53242"
"0","53243","SDN53243"
"0","53245","SDN53245"
"0","53246","SDN53246"
"0","53247","SDN53247"
"0","53248","SDN53248"
"0","53249","SDN53249"
"0","53251","SDN53251"
"0","53252","SDN53252"
"0","53253","SDN53253"
"0","53255","SDN53255"
"0","53256","SDN53256"
"0","53257","SDN53257"
"0","53259","SDN53259"
"0","53260","SDN53260"
"0","53261","SDN53261"
"0","53262","SDN53262"
"0","53263","SDN53263"
"0","53264","SDN53264"
"0","53267","SDN53267"
"0","53269","SDN53269"
"0","53270","SDN53270"
"0","53274","SDN53274"
"0","53275","SDN53275"
"0","53276","SDN53276"
"0","53277","SDN53277"
"0","53279","SDN53279"
"0","53281","SDN53281"
"0","53282","SDN53282"
"0","53283","SDN53283"
"0","53284","SDN53284"
"0","53285","SDN53285"
"0","53286","SDN53286"
"0","53287","SDN53287"
"0","53288","SDN53288"
"0","53289","SDN53289"
"0","53290","SDN53290"
"0","53291","SDN53291"
"0","53292","SDN53292"
"0","53293","SDN53293"
"0","53294","SDN53294"
"0","53295","SDN53295"
"0","53296","SDN53296"
"0","53297","SDN53297"
"0","53298","SDN53298"
"0","53299","SDN53299"
"0","53300","SDN53300"
"0","53301","SDN53301"
"0","53302","SDN53302"
"0","53303","SDN53303"
"0","53304","SDN53304"
"0","53305","SDN53305"
"0","53306","SDN53306"
"0","53307","SDN53307"
"0","53308","SDN53308"
"0","53311","SDN53311"
"0","53313","SDN53313"
"0","53319","SDN53319"
"0","53321","SDN53321"
"0","53324","SDN53324"
"0","53326","SDN53326"
"0","53333","SDN53333"
"0","53334","SDN53334"
"0","53336","SDN53336"
"0","53338","SDN53338"
"0","53339","SDN53339"
"0","53341","SDN53341"
"0","53343","SDN53343"
"0","53344","SDN53344"
"0","53345","SDN53345"
"0","53347","SDN53347"
"0","53354","SDN53354"
"0","53357","SDN53357"
"0","53358","SDN53358"
"0","53359","SDN53359"
"0","53360","SDN53360"
"0","53361","SDN53361"
"0","53362","SDN53362"
"0","53363","SDN53363"
"0","53364","SDN53364"
"0","40157","SEN40157"
"0","40158","SEN40158"
"0","40162","SEN40162"
"0","40164","SEN40164"
"0","40165","SEN40165"
"0","40166","SEN40166"
"0","40167","SEN40167"
"0","40168","SEN40168"
"0","40169","SEN40169"
"0","40170","SEN40170"
"0","40171","SEN40171"
"0","40172","SEN40172"
"0","40173","SEN40173"
"0","40174","SEN40174"
"0","40175","SEN40175"
"0","40176","SEN40176"
"0","40177","SEN40177"
"0","40181","SEN40181"
"0","40182","SEN40182"
"0","40183","SEN40183"
"0","40184","SEN40184"
"0","40186","SEN40186"
"0","40187","SEN40187"
"0","40189","SEN40189"
"0","40190","SEN40190"
"0","40191","SEN40191"
"0","40193","SEN40193"
"0","40194","SEN40194"
"0","40195","SEN40195"
"0","40196","SEN40196"
"0","40197","SEN40197"
"0","40199","SEN40199"
"0","40200","SEN40200"
"0","40202","SEN40202"
"0","40203","SEN40203"
"0","40205","SEN40205"
"0","40210","SEN40210"
"0","40212","SEN40212"
"0","40213","SEN40213"
"0","40214","SEN40214"
"0","40216","SEN40216"
"0","40217","SEN40217"
"0","40218","SEN40218"
"0","40219","SEN40219"
"0","40221","SEN40221"
"0","40222","SEN40222"
"0","40223","SEN40223"
"0","40224","SEN40224"
"0","40225","SEN40225"
"0","40226","SEN40226"
"0","56006","SOM56006"
"0","44319","SSD44319"
"0","44323","SSD44323"
"0","44325","SSD44325"
"0","44327","SSD44327"
"0","44328","SSD44328"
"0","44329","SSD44329"
"0","44330","SSD44330"
"0","44334","SSD44334"
"0","44335","SSD44335"
"0","44336","SSD44336"
"0","44341","SSD44341"
"0","44343","SSD44343"
"0","44346","SSD44346"
"0","44362","SSD44362"
"0","44363","SSD44363"
"0","44364","SSD44364"
"0","44365","SSD44365"
"0","44366","SSD44366"
"0","44367","SSD44367"
"0","44368","SSD44368"
"0","44369","SSD44369"
"0","44370","SSD44370"
"0","44372","SSD44372"
"0","44374","SSD44374"
"0","44377","SSD44377"
"0","44381","SSD44381"
"0","44392","SSD44392"
"0","44393","SSD44393"
"0","44394","SSD44394"
"0","10661","TCD10661"
"0","10662","TCD10662"
"0","10663","TCD10663"
"0","10664","TCD10664"
"0","10665","TCD10665"
"0","10666","TCD10666"
"0","10668","TCD10668"
"0","10669","TCD10669"
"0","10672","TCD10672"
"0","10676","TCD10676"
"0","10679","TCD10679"
"0","10680","TCD10680"
"0","10681","TCD10681"
"0","10682","TCD10682"
"0","10683","TCD10683"
"0","10684","TCD10684"
"0","10686","TCD10686"
"0","10687","TCD10687"
"0","10689","TCD10689"
"0","10692","TCD10692"
"0","10695","TCD10695"
"0","10696","TCD10696"
"0","10697","TCD10697"
"0","10699","TCD10699"
"0","10700","TCD10700"
"0","10701","TCD10701"
"0","10703","TCD10703"
"0","10704","TCD10704"
"0","10706","TCD10706"
"0","10708","TCD10708"
"0","10709","TCD10709"
"0","10710","TCD10710"
"0","10712","TCD10712"
"0","10713","TCD10713"
"0","10714","TCD10714"
"0","10715","TCD10715"
"0","10718","TCD10718"
"0","10719","TCD10719"
"0","10720","TCD10720"
"0","10725","TCD10725"
"0","10726","TCD10726"
"0","10727","TCD10727"
"0","10728","TCD10728"
"0","10729","TCD10729"
"0","10731","TCD10731"
"0","10732","TCD10732"
"0","10733","TCD10733"
"0","10734","TCD10734"
"0","10735","TCD10735"
"0","10736","TCD10736"
"0","10737","TCD10737"
"0","10740","TCD10740"
"0","10741","TCD10741"
"0","10742","TCD10742"
"0","10747","TCD10747"
"0","10753","TCD10753"
"0","48666","TGO48666"
"0","48667","TGO48667"
"0","48668","TGO48668"
"0","48669","TGO48669"
"0","48670","TGO48670"
"0","48672","TGO48672"
"0","48673","TGO48673"
"0","48675","TGO48675"
"0","48692","TGO48692"
"0","48694","TGO48694"
"0","46460","TZA46460"
"0","46461","TZA46461"
"0","46462","TZA46462"
"0","46463","TZA46463"
"0","46464","TZA46464"
"0","46465","TZA46465"
"0","46469","TZA46469"
"0","46471","TZA46471"
"0","46473","TZA46473"
"0","46481","TZA46481"
"0","46483","TZA46483"
"0","46485","TZA46485"
"0","46489","TZA46489"
"0","46490","TZA46490"
"0","46492","TZA46492"
"0","46493","TZA46493"
"0","46497","TZA46497"
"0","46506","TZA46506"
"0","46507","TZA46507"
"0","46509","TZA46509"
"0","46510","TZA46510"
"0","46511","TZA46511"
"0","46512","TZA46512"
"0","46513","TZA46513"
"0","46514","TZA46514"
"0","46516","TZA46516"
"0","46517","TZA46517"
"0","46518","TZA46518"
"0","46519","TZA46519"
"0","46521","TZA46521"
"0","46523","TZA46523"
"0","46524","TZA46524"
"0","46525","TZA46525"
"0","46530","TZA46530"
"0","46534","TZA46534"
"0","46537","TZA46537"
"0","46544","TZA46544"
"0","46546","TZA46546"
"0","46547","TZA46547"
"0","46549","TZA46549"
"0","46551","TZA46551"
"0","46552","TZA46552"
"0","46553","TZA46553"
"0","46554","TZA46554"
"0","46555","TZA46555"
"0","46556","TZA46556"
"0","46557","TZA46557"
"0","46559","TZA46559"
"0","46560","TZA46560"
"0","46563","TZA46563"
"0","46567","TZA46567"
"0","46568","TZA46568"
"0","46570","TZA46570"
"0","46571","TZA46571"
"0","46572","TZA46572"
"0","46574","TZA46574"
"0","46576","TZA46576"
"0","46577","TZA46577"
"0","46578","TZA46578"
"0","46579","TZA46579"
"0","46580","TZA46580"
"0","46582","TZA46582"
"0","46583","TZA46583"
"0","46584","TZA46584"
"0","46585","TZA46585"
"0","46590","TZA46590"
"0","46591","TZA46591"
"0","46593","TZA46593"
"0","46594","TZA46594"
"0","46595","TZA46595"
"0","46596","TZA46596"
"0","46599","TZA46599"
"0","46600","TZA46600"
"0","46601","TZA46601"
"0","46602","TZA46602"
"0","46603","TZA46603"
"0","46604","TZA46604"
"0","46606","TZA46606"
"0","46608","TZA46608"
"0","46610","TZA46610"
"0","46611","TZA46611"
"0","46612","TZA46612"
"0","46613","TZA46613"
"0","46615","TZA46615"
"0","46616","TZA46616"
"0","46618","TZA46618"
"0","46620","TZA46620"
"0","46621","TZA46621"
"0","46626","TZA46626"
"0","46634","TZA46634"
"0","46635","TZA46635"
"0","46638","TZA46638"
"0","46639","TZA46639"
"0","46642","TZA46642"
"0","46643","TZA46643"
"0","46644","TZA46644"
"0","46645","TZA46645"
"0","51892","TZZ51892"
"0","51894","TZZ51894"
"0","49706","UGA49706"
"0","49708","UGA49708"
"0","49709","UGA49709"
"0","49710","UGA49710"
"0","49713","UGA49713"
"0","49714","UGA49714"
"0","49715","UGA49715"
"0","49716","UGA49716"
"0","49718","UGA49718"
"0","49719","UGA49719"
"0","49720","UGA49720"
"0","49725","UGA49725"
"0","49729","UGA49729"
"0","49732","UGA49732"
"0","49733","UGA49733"
"0","49734","UGA49734"
"0","49743","UGA49743"
"0","49744","UGA49744"
"0","49746","UGA49746"
"0","49751","UGA49751"
"0","49755","UGA49755"
"0","49761","UGA49761"
"0","49763","UGA49763"
"0","49765","UGA49765"
"0","49766","UGA49766"
"0","49767","UGA49767"
"0","49769","UGA49769"
"0","49772","UGA49772"
"0","49773","UGA49773"
"0","49778","UGA49778"
"0","49779","UGA49779"
"0","49781","UGA49781"
"0","49782","UGA49782"
"0","49784","UGA49784"
"0","49792","UGA49792"
"0","49793","UGA49793"
"0","49794","UGA49794"
"0","49796","UGA49796"
"0","49797","UGA49797"
"0","49798","UGA49798"
"0","49801","UGA49801"
"0","49803","UGA49803"
"0","49804","UGA49804"
"0","49805","UGA49805"
"0","49812","UGA49812"
"0","49817","UGA49817"
"0","50818","ZMB50818"
"0","50819","ZMB50819"
"0","50821","ZMB50821"
"0","50822","ZMB50822"
"0","50823","ZMB50823"
"0","50824","ZMB50824"
"0","50825","ZMB50825"
"0","50826","ZMB50826"
"0","50827","ZMB50827"
"0","50828","ZMB50828"
"0","50829","ZMB50829"
"0","50830","ZMB50830"
"0","50831","ZMB50831"
"0","50832","ZMB50832"
"0","50833","ZMB50833"
"0","50834","ZMB50834"
"0","50835","ZMB50835"
"0","50836","ZMB50836"
"0","50837","ZMB50837"
"0","50838","ZMB50838"
"0","50839","ZMB50839"
"0","50840","ZMB50840"
"0","50841","ZMB50841"
"0","50842","ZMB50842"
"0","50843","ZMB50843"
"0","50844","ZMB50844"
"0","50845","ZMB50845"
"0","50846","ZMB50846"
"0","50847","ZMB50847"
"0","50848","ZMB50848"
"0","50849","ZMB50849"
"0","50850","ZMB50850"
"0","50851","ZMB50851"
"0","50852","ZMB50852"
"0","50854","ZMB50854"
"0","50855","ZMB50855"
"0","50856","ZMB50856"
"0","50857","ZMB50857"
"0","50858","ZMB50858"
"0","50859","ZMB50859"
"0","50860","ZMB50860"
"0","50861","ZMB50861"
"0","50862","ZMB50862"
"0","50863","ZMB50863"
"0","50864","ZMB50864"
"0","50865","ZMB50865"
"0","50866","ZMB50866"
"0","50867","ZMB50867"
"0","50868","ZMB50868"
"0","50869","ZMB50869"
"0","50870","ZMB50870"
"0","50871","ZMB50871"
"0","50872","ZMB50872"
"0","50873","ZMB50873"
"0","50874","ZMB50874"
"0","50875","ZMB50875"
"0","50876","ZMB50876"
"0","50877","ZMB50877"
"0","50878","ZMB50878"
"0","50879","ZMB50879"
"0","50880","ZMB50880"
"0","50881","ZMB50881"
"0","50882","ZMB50882"
"0","50883","ZMB50883"
"0","50884","ZMB50884"
"0","50885","ZMB50885"
"0","50886","ZMB50886"
"0","50887","ZMB50887"
"0","50888","ZMB50888"
"0","50889","ZMB50889"
"0","50890","ZMB50890"
"0","50891","ZMB50891"
"0","53166","ZMB53166"
"0","53167","ZMB53167"
"0","53168","ZMB53168"
"0","53169","ZMB53169"
"0","53171","ZMB53171"
"0","53172","ZMB53172"
"0","53173","ZMB53173"
"0","53174","ZMB53174"
"0","53175","ZMB53175"
"0","53176","ZMB53176"
"0","53177","ZMB53177"
"0","53178","ZMB53178"
"0","53179","ZMB53179"
"0","53180","ZMB53180"
"0","53181","ZMB53181"
"0","53182","ZMB53182"
"0","53183","ZMB53183"
"0","53184","ZMB53184"
"0","53185","ZMB53185"
"0","53186","ZMB53186"
"0","53187","ZMB53187"
"0","53188","ZMB53188"
"0","53189","ZMB53189"
"0","53190","ZMB53190"
"0","53191","ZMB53191"
"0","53192","ZMB53192"
"0","53193","ZMB53193"
"0","53194","ZMB53194"
"0","53195","ZMB53195"
"0","53196","ZMB53196"
"0","52906","ZWE52906"
"0","52907","ZWE52907"
"0","52910","ZWE52910"
"0","52911","ZWE52911"
"0","52912","ZWE52912"
"0","52913","ZWE52913"
"0","52914","ZWE52914"
"0","52915","ZWE52915"
"0","52916","ZWE52916"
"0","52917","ZWE52917"
"0","52918","ZWE52918"
"0","52920","ZWE52920"
"0","52923","ZWE52923"
"0","52924","ZWE52924"
"0","52925","ZWE52925"
"0","52926","ZWE52926"
"0","52927","ZWE52927"
"0","52929","ZWE52929"
"0","52930","ZWE52930"
"0","52931","ZWE52931"
"0","52933","ZWE52933"
"0","52935","ZWE52935"
"0","52936","ZWE52936"
"0","52939","ZWE52939"
"0","52945","ZWE52945"
"0","52948","ZWE52948"
"0","52949","ZWE52949"
"0","52950","ZWE52950"
"0","52951","ZWE52951"
"0","52952","ZWE52952"
"0","52953","ZWE52953"
"0","52954","ZWE52954"
"0","52956","ZWE52956"
"0","52957","ZWE52957"
"0","52959","ZWE52959"
