Random Generator,bet,02-2018,04-2018,06-2018,08-2018,10-2018,12-2018,02-2019,04-2019,06-2019,08-2019,10-2019,12-2019,02-2020,04-2020,06-2020,08-2020,10-2020,12-2020,02-2021,04-2021,06-2021,08-2021,10-2021,12-2021,02-2022,04-2022,06-2022,08-2022,10-2022,12-2022,02-2023,04-2023,06-2023,08-2023,10-2023,12-2023
1,0.085037529,0.16517857142857142,0.15246636771300448,0.1409090909090909,0.11210762331838565,0.10909090909090909,0.11009174311926606,0.1232876712328767,0.12612612612612611,0.16055045871559634,0.1409090909090909,0.14864864864864866,0.16591928251121077,0.21266968325791855,0.20982142857142858,0.2183406113537118,0.2222222222222222,0.21777777777777776,0.19823788546255505,0.21982758620689655,0.1724137931034483,0.1829787234042553,0.15879828326180256,0.15217391304347827,0.1391304347826087,0.14537444933920704,0.14285714285714285,0.14473684210526316,0.1341991341991342,0.12121212121212122,0.1072961373390558,0.08823529411764706,0.06694560669456066,0.04897959183673469,0.044897959183673466,0.03734439834024896,0.036885245901639344
2,0.16991325399999999,0.4461538461538462,0.42911877394636017,0.4329501915708812,0.36259541984732824,0.3522727272727273,0.35658914728682173,0.3254901960784314,0.3107569721115538,0.324,0.3548387096774194,0.3545816733067729,0.30859375,0.3333333333333333,0.3938223938223938,0.4200743494423792,0.3939393939393939,0.36329588014981273,0.3233082706766917,0.3103448275862069,0.3269230769230769,0.32421875,0.3543307086614173,0.3779527559055118,0.3852140077821012,0.3372093023255814,0.3023255813953488,0.29343629343629346,0.2723735408560311,0.23137254901960785,0.20078740157480315,0.1953125,0.1626984126984127,0.10810810810810811,0.08267716535433071,0.06201550387596899,0.05813953488372093
3,0.210453261,0.43333333333333335,0.4345991561181435,0.5062761506276151,0.5591836734693878,0.5766129032258065,0.5684647302904564,0.4810126582278481,0.47186147186147187,0.4148471615720524,0.42410714285714285,0.4533333333333333,0.48660714285714285,0.4889867841409692,0.5339366515837104,0.5045045045045045,0.45132743362831856,0.4366812227074236,0.41201716738197425,0.358974358974359,0.3755274261603376,0.37446808510638296,0.3829787234042553,0.3879310344827586,0.4658119658119658,0.4698275862068966,0.3879310344827586,0.34347826086956523,0.2576419213973799,0.2413793103448276,0.23043478260869565,0.22270742358078602,0.1829787234042553,0.15,0.13389121338912133,0.1,0.09876543209876543
4,0.099769905,0.24870466321243523,0.25252525252525254,0.22613065326633167,0.21428571428571427,0.22613065326633167,0.208955223880597,0.18840579710144928,0.18009478672985782,0.19138755980861244,0.21800947867298578,0.22477064220183487,0.21363636363636362,0.22272727272727272,0.21777777777777776,0.2391304347826087,0.251063829787234,0.2703862660944206,0.26521739130434785,0.2857142857142857,0.2850877192982456,0.23809523809523808,0.23076923076923078,0.18333333333333332,0.1825726141078838,0.16736401673640167,0.15789473684210525,0.1285140562248996,0.1285140562248996,0.12096774193548387,0.10483870967741936,0.08267716535433071,0.0622568093385214,0.0546875,0.05019305019305019,0.050387596899224806,0.04980842911877394
5,0.06831377200000001,0.13934426229508196,0.1350210970464135,0.11914893617021277,0.1282051282051282,0.11158798283261803,0.08583690987124463,0.0851063829787234,0.08823529411764706,0.0875,0.08936170212765958,0.08823529411764706,0.06611570247933884,0.07346938775510205,0.07818930041152264,0.09795918367346938,0.10483870967741936,0.12601626016260162,0.14634146341463414,0.14919354838709678,0.16129032258064516,0.1774193548387097,0.17408906882591094,0.17408906882591094,0.20081967213114754,0.19433198380566802,0.1646586345381526,0.14919354838709678,0.13147410358565736,0.108,0.08979591836734693,0.05241935483870968,0.04435483870967742,0.02857142857142857,0.020161290322580645,0.01984126984126984,0.011857707509881422
6,0.172685055,0.44656488549618323,0.4576923076923077,0.4566929133858268,0.41106719367588934,0.40476190476190477,0.376984126984127,0.32653061224489793,0.30522088353413657,0.2903225806451613,0.29959514170040485,0.332,0.36964980544747084,0.3684210526315789,0.428,0.430327868852459,0.43568464730290457,0.42386831275720166,0.379746835443038,0.3458333333333333,0.325,0.31223628691983124,0.2803347280334728,0.2553191489361702,0.20920502092050208,0.18828451882845187,0.14979757085020243,0.12195121951219512,0.136,0.13253012048192772,0.11646586345381527,0.12601626016260162,0.14227642276422764,0.11788617886178862,0.1306122448979592,0.14979757085020243,0.13709677419354838
7,0.142392997,0.29435483870967744,0.3306122448979592,0.3598326359832636,0.37344398340248963,0.3925619834710744,0.4074074074074074,0.36666666666666664,0.3401639344262295,0.2979591836734694,0.3185483870967742,0.3426294820717131,0.3492063492063492,0.383399209486166,0.44223107569721115,0.4627450980392157,0.4880952380952381,0.48412698412698413,0.4779116465863454,0.43478260869565216,0.3843137254901961,0.3611111111111111,0.3187250996015936,0.336,0.3073770491803279,0.26556016597510373,0.24279835390946503,0.22594142259414227,0.17695473251028807,0.14049586776859505,0.125,0.0954356846473029,0.08823529411764706,0.100418410041841,0.09282700421940929,0.10833333333333334,0.10460251046025104
8,0.19138866,0.31981981981981983,0.32589285714285715,0.29596412556053814,0.28054298642533937,0.2636363636363636,0.2972972972972973,0.29333333333333333,0.3056768558951965,0.33766233766233766,0.36554621848739494,0.3983402489626556,0.42436974789915966,0.45064377682403434,0.4396551724137931,0.4765957446808511,0.49159663865546216,0.4810126582278481,0.5,0.4773662551440329,0.483739837398374,0.45528455284552843,0.4344262295081967,0.4049586776859504,0.43621399176954734,0.42857142857142855,0.33884297520661155,0.3524590163934426,0.3140495867768595,0.2926829268292683,0.32653061224489793,0.3117408906882591,0.256,0.236,0.22924901185770752,0.21176470588235294,0.2140077821011673
9,0.217387522,0.28205128205128205,0.3276595744680851,0.3090128755364807,0.32340425531914896,0.3458333333333333,0.3875,0.3877551020408163,0.45267489711934156,0.46443514644351463,0.4854771784232365,0.4669421487603306,0.4495798319327731,0.4767932489451477,0.42738589211618255,0.37344398340248963,0.4375,0.44166666666666665,0.42386831275720166,0.4767932489451477,0.49145299145299143,0.48523206751054854,0.4978723404255319,0.45217391304347826,0.5,0.459915611814346,0.4349593495934959,0.3821138211382114,0.368,0.38,0.3705179282868526,0.34552845528455284,0.291497975708502,0.3224489795918367,0.3114754098360656,0.3629032258064516,0.4
10,0.069329278,0.19838056680161945,0.1762295081967213,0.15163934426229508,0.128099173553719,0.1306122448979592,0.13008130081300814,0.1322314049586777,0.13445378151260504,0.14345991561181434,0.15546218487394958,0.15546218487394958,0.14102564102564102,0.14224137931034483,0.14782608695652175,0.15948275862068967,0.15611814345991562,0.17083333333333334,0.1646090534979424,0.15163934426229508,0.15476190476190477,0.136,0.12749003984063745,0.13414634146341464,0.11475409836065574,0.09504132231404959,0.07851239669421488,0.07024793388429752,0.06224066390041494,0.04184100418410042,0.04602510460251046,0.04184100418410042,0.03404255319148936,0.03333333333333333,0.03347280334728033,0.03734439834024896,0.03319502074688797
11,0.097824866,0.212,0.18473895582329317,0.20481927710843373,0.23577235772357724,0.252,0.25206611570247933,0.2821576763485477,0.3055555555555556,0.34509803921568627,0.3046875,0.3228346456692913,0.32558139534883723,0.3488372093023256,0.32421875,0.31906614785992216,0.311284046692607,0.29411764705882354,0.29961089494163423,0.2918287937743191,0.2777777777777778,0.27419354838709675,0.2693877551020408,0.27419354838709675,0.25793650793650796,0.2490118577075099,0.22957198443579765,0.17391304347826086,0.14741035856573706,0.12550607287449392,0.08943089430894309,0.07228915662650602,0.053061224489795916,0.056910569105691054,0.03543307086614173,0.031007751937984496,0.023076923076923078
12,0.13583981,0.26956521739130435,0.23376623376623376,0.26200873362445415,0.2987012987012987,0.2863247863247863,0.28270042194092826,0.28991596638655465,0.288135593220339,0.2532188841201717,0.29411764705882354,0.3037974683544304,0.3067226890756303,0.28991596638655465,0.31223628691983124,0.359504132231405,0.3004115226337449,0.3020408163265306,0.2571428571428571,0.2540322580645161,0.2948207171314741,0.3147410358565737,0.3176470588235294,0.33070866141732286,0.3134920634920635,0.2701612903225806,0.23170731707317074,0.21311475409836064,0.16872427983539096,0.14634146341463414,0.13524590163934427,0.12,0.0992063492063492,0.05668016194331984,0.058091286307053944,0.04878048780487805,0.036885245901639344
13,0.10572070300000001,0.15555555555555556,0.17410714285714285,0.18468468468468469,0.2054794520547945,0.22119815668202766,0.23963133640552994,0.2350230414746544,0.2727272727272727,0.3225806451612903,0.3644859813084112,0.391705069124424,0.4074074074074074,0.4027777777777778,0.40825688073394495,0.3901345291479821,0.33640552995391704,0.2972972972972973,0.3076923076923077,0.30357142857142855,0.27876106194690264,0.2775330396475771,0.26956521739130435,0.2777777777777778,0.2675438596491228,0.2413793103448276,0.22844827586206898,0.19480519480519481,0.18695652173913044,0.2079646017699115,0.17903930131004367,0.16,0.11504424778761062,0.10176991150442478,0.11538461538461539,0.09282700421940929,0.1092436974789916
14,0.147855245,0.3064516129032258,0.30522088353413657,0.2816326530612245,0.288,0.2908366533864542,0.30708661417322836,0.32421875,0.3333333333333333,0.3584905660377358,0.3828996282527881,0.3467153284671533,0.32727272727272727,0.31135531135531136,0.3188405797101449,0.3333333333333333,0.3161764705882353,0.2792452830188679,0.30303030303030304,0.3148148148148148,0.36466165413533835,0.3584905660377358,0.4329501915708812,0.4728682170542636,0.5426356589147286,0.45348837209302323,0.4263565891472868,0.3435114503816794,0.2490566037735849,0.20224719101123595,0.16296296296296298,0.12267657992565056,0.09363295880149813,0.09022556390977443,0.08139534883720931,0.09375,0.12109375
15,0.095953799,0.28695652173913044,0.2555066079295154,0.2775330396475771,0.26126126126126126,0.26126126126126126,0.25112107623318386,0.2631578947368421,0.2532188841201717,0.26200873362445415,0.2851063829787234,0.296137339055794,0.2936170212765957,0.3090128755364807,0.2948717948717949,0.3021276595744681,0.27310924369747897,0.3,0.27385892116182575,0.2530612244897959,0.25203252032520324,0.24081632653061225,0.244,0.23790322580645162,0.22727272727272727,0.200836820083682,0.17695473251028807,0.16942148760330578,0.13445378151260504,0.100418410041841,0.08713692946058091,0.07407407407407407,0.06584362139917696,0.058823529411764705,0.04201680672268908,0.05063291139240506,0.049586776859504134
16,0.085328162,0.1991701244813278,0.21161825726141079,0.20408163265306123,0.23481781376518218,0.236,0.22267206477732793,0.2388663967611336,0.21074380165289255,0.19583333333333333,0.19665271966527198,0.2301255230125523,0.21544715447154472,0.2248995983935743,0.21686746987951808,0.24497991967871485,0.2490118577075099,0.27165354330708663,0.32806324110671936,0.3188976377952756,0.332,0.32661290322580644,0.3107569721115538,0.3125,0.2890625,0.2549019607843137,0.23715415019762845,0.1875,0.13178294573643412,0.10714285714285714,0.08661417322834646,0.06589147286821706,0.043478260869565216,0.03968253968253968,0.027777777777777776,0.015748031496062992,0.023166023166023165
17,0.117817006,0.3662551440329218,0.37037037037037035,0.3603238866396761,0.32793522267206476,0.3524590163934426,0.37037037037037035,0.3709677419354839,0.3805668016194332,0.35080645161290325,0.34146341463414637,0.3481781376518219,0.3467741935483871,0.37037037037037035,0.3524590163934426,0.3481781376518219,0.3441295546558704,0.3442622950819672,0.36213991769547327,0.3911290322580645,0.391304347826087,0.36507936507936506,0.373015873015873,0.32558139534883723,0.27906976744186046,0.2677165354330709,0.22178988326848248,0.20866141732283464,0.20238095238095238,0.16205533596837945,0.1576923076923077,0.14453125,0.11811023622047244,0.1067193675889328,0.10196078431372549,0.09055118110236221,0.08366533864541832
18,0.20537721,0.5606694560669456,0.5875,0.5477178423236515,0.4838709677419355,0.448,0.40160642570281124,0.36693548387096775,0.34782608695652173,0.35177865612648224,0.4,0.45121951219512196,0.45491803278688525,0.47560975609756095,0.46774193548387094,0.4523809523809524,0.45525291828793774,0.4357976653696498,0.4117647058823529,0.4517374517374517,0.4671814671814672,0.49034749034749037,0.4269230769230769,0.43018867924528303,0.4580152671755725,0.375,0.299625468164794,0.22676579925650558,0.1828358208955224,0.19330855018587362,0.20146520146520147,0.21691176470588236,0.2126865671641791,0.18081180811808117,0.19494584837545126,0.20802919708029197,0.23550724637681159
19,0.147111447,0.33064516129032256,0.31950207468879666,0.34309623430962344,0.3469387755102041,0.3319838056680162,0.32098765432098764,0.32510288065843623,0.33195020746887965,0.3277310924369748,0.3067226890756303,0.275,0.2644628099173554,0.27091633466135456,0.2857142857142857,0.27626459143968873,0.3053435114503817,0.2950191570881226,0.29069767441860467,0.28346456692913385,0.28174603174603174,0.28174603174603174,0.28112449799196787,0.2589641434262948,0.23694779116465864,0.2056451612903226,0.18072289156626506,0.15447154471544716,0.11836734693877551,0.0954356846473029,0.1,0.102880658436214,0.09205020920502092,0.07563025210084033,0.059322033898305086,0.04201680672268908,0.042735042735042736
20,0.197381392,0.44642857142857145,0.4888888888888889,0.5240174672489083,0.5021834061135371,0.5065502183406113,0.47844827586206895,0.45,0.4340425531914894,0.38095238095238093,0.36324786324786323,0.4051724137931034,0.4206008583690987,0.43043478260869567,0.45689655172413796,0.4411764705882353,0.4472573839662447,0.4127659574468085,0.3793103448275862,0.35864978902953587,0.3333333333333333,0.3559322033898305,0.3723849372384937,0.38235294117647056,0.42127659574468085,0.388646288209607,0.33755274261603374,0.2796610169491525,0.24166666666666667,0.2157676348547718,0.2066115702479339,0.1774193548387097,0.1732283464566929,0.14741035856573706,0.16535433070866143,0.17647058823529413,0.19066147859922178
21,0.205786245,0.4204081632653061,0.4156378600823045,0.39330543933054396,0.38396624472573837,0.38197424892703863,0.4069264069264069,0.40948275862068967,0.41630901287553645,0.4525862068965517,0.4219409282700422,0.44166666666666665,0.3760330578512397,0.3483606557377049,0.31950207468879666,0.2809917355371901,0.2727272727272727,0.32098765432098764,0.36885245901639346,0.3588709677419355,0.373015873015873,0.3944223107569721,0.383399209486166,0.42231075697211157,0.43529411764705883,0.40625,0.36923076923076925,0.3269230769230769,0.2607003891050584,0.20078740157480315,0.1517509727626459,0.12941176470588237,0.0931174089068826,0.06224066390041494,0.07563025210084033,0.07983193277310924,0.08225108225108226
22,0.17612267,0.5289256198347108,0.47346938775510206,0.4066390041493776,0.3941908713692946,0.39183673469387753,0.3699186991869919,0.38271604938271603,0.3877551020408163,0.3877551020408163,0.3975409836065574,0.3868312757201646,0.3522267206477733,0.32926829268292684,0.32113821138211385,0.2948207171314741,0.3359683794466403,0.35968379446640314,0.33992094861660077,0.3055555555555556,0.2868525896414343,0.25882352941176473,0.26587301587301587,0.23904382470119523,0.24193548387096775,0.224,0.18072289156626506,0.132,0.099601593625498,0.07630522088353414,0.06967213114754098,0.076,0.07905138339920949,0.0796812749003984,0.10714285714285714,0.11553784860557768,0.13414634146341464
23,0.08698454800000001,0.32051282051282054,0.2863247863247863,0.2832618025751073,0.2796610169491525,0.2627118644067797,0.23404255319148937,0.2703862660944206,0.2672413793103448,0.26521739130434785,0.2974137931034483,0.3103448275862069,0.34051724137931033,0.354978354978355,0.32608695652173914,0.32456140350877194,0.27391304347826084,0.2543103448275862,0.21585903083700442,0.18584070796460178,0.18061674008810572,0.16740088105726872,0.17543859649122806,0.1762114537444934,0.1853448275862069,0.19742489270386265,0.1630901287553648,0.13478260869565217,0.12393162393162394,0.09090909090909091,0.08370044052863436,0.07391304347826087,0.05531914893617021,0.044444444444444446,0.03982300884955752,0.030434782608695653,0.017167381974248927
24,0.089500526,0.17391304347826086,0.17391304347826086,0.1976284584980237,0.22709163346613545,0.23846153846153847,0.26053639846743293,0.2595419847328244,0.2625482625482625,0.2578125,0.2795275590551181,0.2891566265060241,0.25203252032520324,0.25833333333333336,0.24380165289256198,0.25,0.2708333333333333,0.28451882845188287,0.2757201646090535,0.2782258064516129,0.26720647773279355,0.252,0.22131147540983606,0.1875,0.175,0.14893617021276595,0.1452991452991453,0.09401709401709402,0.08620689655172414,0.08260869565217391,0.06986899563318777,0.06437768240343347,0.059322033898305086,0.05128205128205128,0.04219409282700422,0.042735042735042736,0.034482758620689655
25,0.074497147,0.08108108108108109,0.07114624505928854,0.07142857142857142,0.08627450980392157,0.0859375,0.1124031007751938,0.1422924901185771,0.1484375,0.14566929133858267,0.1517509727626459,0.14285714285714285,0.17857142857142858,0.19921875,0.16731517509727625,0.1856060606060606,0.17537313432835822,0.18352059925093633,0.20446096654275092,0.20149253731343283,0.2126865671641791,0.2188679245283019,0.22433460076045628,0.22727272727272727,0.2188679245283019,0.21621621621621623,0.2134387351778656,0.172,0.1566265060240964,0.15853658536585366,0.18518518518518517,0.1762295081967213,0.15352697095435686,0.14754098360655737,0.1297071129707113,0.10699588477366255,0.10655737704918032
26,0.133984924,0.2231404958677686,0.25,0.24489795918367346,0.24899598393574296,0.224,0.20481927710843373,0.20967741935483872,0.2032520325203252,0.20816326530612245,0.25206611570247933,0.2674897119341564,0.24180327868852458,0.25206611570247933,0.2674897119341564,0.292,0.3117408906882591,0.30991735537190085,0.325,0.36401673640167365,0.35655737704918034,0.3643724696356275,0.37551020408163266,0.3724696356275304,0.3522267206477733,0.34285714285714286,0.2903225806451613,0.25,0.1487603305785124,0.125,0.0942622950819672,0.07755102040816327,0.04435483870967742,0.02880658436213992,0.02066115702479339,0.012244897959183673,0.012345679012345678
27,0.126547075,0.35968379446640314,0.344,0.35080645161290325,0.328,0.2992125984251969,0.3333333333333333,0.316,0.37401574803149606,0.37549407114624506,0.34782608695652173,0.35294117647058826,0.31906614785992216,0.30859375,0.32421875,0.31746031746031744,0.3438735177865613,0.3346456692913386,0.3413654618473896,0.36693548387096775,0.3492063492063492,0.311284046692607,0.2972972972972973,0.31297709923664124,0.33587786259541985,0.30337078651685395,0.2537313432835821,0.2029520295202952,0.1391941391941392,0.12043795620437957,0.10830324909747292,0.09057971014492754,0.07720588235294118,0.04814814814814815,0.034220532319391636,0.027131782945736434,0.031496062992125984
28,0.219043724,0.5019607843137255,0.4624505928853755,0.46,0.4591439688715953,0.4765625,0.4708171206225681,0.42803030303030304,0.42748091603053434,0.4772727272727273,0.46387832699619774,0.48314606741573035,0.4653846153846154,0.4942528735632184,0.46441947565543074,0.5036764705882353,0.5072463768115942,0.4962962962962963,0.45955882352941174,0.4607142857142857,0.4492753623188406,0.3639705882352941,0.4065934065934066,0.4852941176470588,0.4746376811594203,0.37992831541218636,0.31338028169014087,0.2857142857142857,0.26501766784452296,0.22887323943661972,0.2147887323943662,0.1696113074204947,0.1474820143884892,0.125,0.11363636363636363,0.11026615969581749,0.09615384615384616
29,0.074834934,0.18181818181818182,0.19111111111111112,0.19642857142857142,0.20982142857142858,0.20175438596491227,0.21397379912663755,0.21888412017167383,0.2127659574468085,0.21610169491525424,0.22127659574468084,0.2184873949579832,0.2245762711864407,0.20253164556962025,0.2094017094017094,0.19742489270386265,0.1902654867256637,0.18141592920353983,0.13777777777777778,0.12875536480686695,0.12446351931330472,0.11304347826086956,0.13793103448275862,0.13733905579399142,0.12663755458515283,0.11255411255411256,0.11965811965811966,0.1206896551724138,0.11637931034482758,0.10084033613445378,0.0995850622406639,0.08333333333333333,0.08333333333333333,0.08333333333333333,0.07468879668049792,0.07755102040816327,0.07407407407407407
30,0.217121305,0.40476190476190477,0.4238095238095238,0.4205607476635514,0.47706422018348627,0.46846846846846846,0.44594594594594594,0.4298642533936652,0.4351851851851852,0.3972602739726027,0.41935483870967744,0.44144144144144143,0.452914798206278,0.4841628959276018,0.5265486725663717,0.5938864628820961,0.6228070175438597,0.5394736842105263,0.5764192139737991,0.5435684647302904,0.569672131147541,0.5991902834008097,0.5643153526970954,0.5454545454545454,0.5186721991701245,0.4024896265560166,0.3603238866396761,0.30864197530864196,0.3469387755102041,0.3224489795918367,0.32098765432098764,0.2839506172839506,0.23868312757201646,0.19753086419753085,0.14583333333333334,0.12704918032786885,0.12552301255230125
31,0.127827847,0.2966101694915254,0.3008474576271186,0.29338842975206614,0.2975206611570248,0.29707112970711297,0.23949579831932774,0.23076923076923078,0.251063829787234,0.3173913043478261,0.336283185840708,0.41125541125541126,0.4358974358974359,0.4553191489361702,0.4322033898305085,0.45161290322580644,0.44223107569721115,0.4150197628458498,0.38247011952191234,0.3888888888888889,0.4032258064516129,0.384,0.40725806451612906,0.4291497975708502,0.428,0.3481781376518219,0.2931726907630522,0.236,0.20553359683794467,0.18823529411764706,0.14960629921259844,0.14285714285714285,0.12601626016260162,0.08835341365461848,0.084,0.06097560975609756,0.05714285714285714
32,0.060388433,0.15879828326180256,0.13924050632911392,0.12340425531914893,0.14522821576763487,0.1557377049180328,0.14754098360655737,0.18951612903225806,0.2032520325203252,0.22633744855967078,0.2248995983935743,0.21912350597609562,0.224,0.22,0.19047619047619047,0.18326693227091634,0.16600790513833993,0.15625,0.15234375,0.1434108527131783,0.14173228346456693,0.13076923076923078,0.13545816733067728,0.12449799196787148,0.11020408163265306,0.11522633744855967,0.10887096774193548,0.11570247933884298,0.10569105691056911,0.10655737704918032,0.07630522088353414,0.05668016194331984,0.06172839506172839,0.04526748971193416,0.040160642570281124,0.019762845849802372,0.012096774193548387
33,0.09815110699999999,0.24789915966386555,0.24789915966386555,0.2184873949579832,0.20253164556962025,0.22127659574468084,0.23404255319148937,0.2594142259414226,0.28870292887029286,0.32217573221757323,0.35319148936170214,0.3487394957983193,0.35294117647058826,0.30638297872340425,0.30303030303030304,0.2608695652173913,0.21551724137931033,0.2,0.19915254237288135,0.1652542372881356,0.15254237288135594,0.13692946058091288,0.13807531380753138,0.15319148936170213,0.13675213675213677,0.14655172413793102,0.14285714285714285,0.12173913043478261,0.13596491228070176,0.12334801762114538,0.1038961038961039,0.10683760683760683,0.09871244635193133,0.09170305676855896,0.07017543859649122,0.048672566371681415,0.04
34,0.055450945,0.03461538461538462,0.038314176245210725,0.05384615384615385,0.04905660377358491,0.05303030303030303,0.061068702290076333,0.0694980694980695,0.06870229007633588,0.1015625,0.11673151750972763,0.13953488372093023,0.13953488372093023,0.12156862745098039,0.12698412698412698,0.12648221343873517,0.11764705882352941,0.1067193675889328,0.078125,0.06177606177606178,0.05747126436781609,0.07392996108949416,0.07569721115537849,0.09090909090909091,0.0975609756097561,0.09465020576131687,0.0967741935483871,0.084,0.076,0.06827309236947791,0.05976095617529881,0.047058823529411764,0.035856573705179286,0.027777777777777776,0.031496062992125984,0.027237354085603113,0.031496062992125984
35,0.05253441,0.13565891472868216,0.14173228346456693,0.14453125,0.1434108527131783,0.16091954022988506,0.1776061776061776,0.19083969465648856,0.19066147859922178,0.171875,0.1517509727626459,0.14785992217898833,0.13026819923371646,0.13740458015267176,0.12643678160919541,0.11787072243346007,0.09090909090909091,0.09125475285171103,0.10505836575875487,0.12062256809338522,0.1111111111111111,0.11673151750972763,0.10546875,0.1245136186770428,0.12307692307692308,0.12260536398467432,0.12075471698113208,0.10861423220973783,0.09541984732824428,0.07722007722007722,0.06201550387596899,0.04198473282442748,0.023255813953488372,0.01937984496124031,0.01968503937007874,0.011904761904761904,0.00796812749003984
36,0.13525458,0.35267857142857145,0.35267857142857145,0.3656387665198238,0.35344827586206895,0.2987551867219917,0.2938775510204082,0.26639344262295084,0.3089430894308943,0.321285140562249,0.3493975903614458,0.36507936507936506,0.4166666666666667,0.412,0.40408163265306124,0.37751004016064255,0.3944223107569721,0.384,0.3493975903614458,0.32806324110671936,0.3203125,0.3215686274509804,0.2857142857142857,0.2788844621513944,0.2874493927125506,0.23577235772357724,0.2222222222222222,0.2074688796680498,0.1518987341772152,0.12340425531914893,0.11764705882352941,0.11983471074380166,0.11983471074380166,0.12133891213389121,0.13278008298755187,0.12757201646090535,0.10743801652892562
37,0.154151534,0.4247787610619469,0.42735042735042733,0.451063829787234,0.4834710743801653,0.48360655737704916,0.4816326530612245,0.5040983606557377,0.47540983606557374,0.4819277108433735,0.4342629482071713,0.44047619047619047,0.373015873015873,0.38306451612903225,0.36,0.32806324110671936,0.3562753036437247,0.3089430894308943,0.321285140562249,0.3855421686746988,0.4314516129032258,0.421259842519685,0.4186046511627907,0.46923076923076923,0.42748091603053434,0.39768339768339767,0.31679389312977096,0.2567049808429119,0.18007662835249041,0.13793103448275862,0.09433962264150944,0.052830188679245285,0.03787878787878788,0.04669260700389105,0.06153846153846154,0.07421875,0.08267716535433071
38,0.154624281,0.45416666666666666,0.46382978723404256,0.4444444444444444,0.405982905982906,0.3922413793103448,0.36637931034482757,0.3852813852813853,0.38961038961038963,0.4449152542372881,0.4472573839662447,0.40756302521008403,0.3877551020408163,0.4204081632653061,0.4609053497942387,0.45121951219512196,0.42448979591836733,0.4268292682926829,0.44537815126050423,0.4625,0.4149377593360996,0.3872340425531915,0.33191489361702126,0.36363636363636365,0.37117903930131,0.3275862068965517,0.31896551724137934,0.288135593220339,0.20833333333333334,0.18672199170124482,0.15725806451612903,0.128,0.108,0.076,0.06584362139917696,0.05785123966942149,0.04149377593360996
39,0.11959409,0.2845528455284553,0.30522088353413657,0.30120481927710846,0.29435483870967744,0.3188976377952756,0.34615384615384615,0.38461538461538464,0.4312977099236641,0.3977272727272727,0.3992673992673993,0.3882783882783883,0.36666666666666664,0.35424354243542433,0.3814814814814815,0.3917910447761194,0.41353383458646614,0.40148698884758366,0.3880597014925373,0.4290909090909091,0.4124087591240876,0.4107142857142857,0.4169611307420495,0.3906810035842294,0.35714285714285715,0.29642857142857143,0.26881720430107525,0.2,0.1588447653429603,0.16845878136200718,0.1392857142857143,0.12056737588652482,0.10431654676258993,0.08960573476702509,0.07553956834532374,0.06451612903225806,0.06159420289855073
40,0.11944531900000001,0.26587301587301587,0.25984251968503935,0.23715415019762845,0.25301204819277107,0.2786885245901639,0.3153526970954357,0.3029045643153527,0.32916666666666666,0.3073770491803279,0.28512396694214875,0.28512396694214875,0.26720647773279355,0.2931726907630522,0.29435483870967744,0.26,0.24206349206349206,0.2570281124497992,0.27530364372469635,0.2938775510204082,0.285140562248996,0.3225806451612903,0.3453815261044177,0.3469387755102041,0.3360323886639676,0.2885375494071146,0.2608695652173913,0.23715415019762845,0.23715415019762845,0.1975806451612903,0.14859437751004015,0.112,0.10358565737051793,0.0931174089068826,0.07692307692307693,0.08333333333333333,0.08300395256916997
41,0.192813312,0.3974358974358974,0.4,0.4434782608695652,0.42735042735042733,0.37872340425531914,0.35833333333333334,0.4125,0.4435146443514644,0.5271966527196653,0.5550847457627118,0.5062761506276151,0.4628099173553719,0.42436974789915966,0.42616033755274263,0.4117647058823529,0.41841004184100417,0.4067796610169492,0.4127659574468085,0.4025423728813559,0.4100418410041841,0.4219409282700422,0.40585774058577406,0.39330543933054396,0.3651452282157676,0.30472103004291845,0.2553191489361702,0.22784810126582278,0.20425531914893616,0.175,0.1652542372881356,0.1574468085106383,0.18025751072961374,0.18143459915611815,0.19665271966527198,0.19327731092436976,0.18454935622317598
42,0.091159782,0.2222222222222222,0.2171945701357466,0.22018348623853212,0.20909090909090908,0.22624434389140272,0.2072072072072072,0.2168141592920354,0.23008849557522124,0.24,0.2510822510822511,0.27586206896551724,0.31896551724137934,0.314410480349345,0.31877729257641924,0.3034188034188034,0.30735930735930733,0.2832618025751073,0.24892703862660945,0.25738396624472576,0.2647058823529412,0.27310924369747897,0.2605042016806723,0.25738396624472576,0.2616033755274262,0.2330508474576271,0.20253164556962025,0.16806722689075632,0.14344262295081966,0.11522633744855967,0.1037344398340249,0.07659574468085106,0.058577405857740586,0.05,0.04602510460251046,0.04938271604938271,0.03305785123966942
43,0.194702293,0.30416666666666664,0.3347457627118644,0.37606837606837606,0.44052863436123346,0.40948275862068967,0.42735042735042733,0.41350210970464135,0.4177215189873418,0.44017094017094016,0.4008438818565401,0.4110169491525424,0.379746835443038,0.38626609442060084,0.3700440528634361,0.3407079646017699,0.3303964757709251,0.3688888888888889,0.4008810572687225,0.43043478260869567,0.42035398230088494,0.39565217391304347,0.41409691629955947,0.37719298245614036,0.3377777777777778,0.3185840707964602,0.2832618025751073,0.22608695652173913,0.1965065502183406,0.19480519480519481,0.18614718614718614,0.1774891774891775,0.21052631578947367,0.21929824561403508,0.22077922077922077,0.2077922077922078,0.22510822510822512
44,0.143358288,0.34523809523809523,0.33070866141732286,0.3828125,0.40711462450592883,0.3784860557768924,0.35390946502057613,0.36065573770491804,0.36401673640167365,0.3206751054852321,0.3218884120171674,0.3133047210300429,0.31092436974789917,0.34024896265560167,0.35802469135802467,0.39919354838709675,0.4015748031496063,0.4246031746031746,0.40711462450592883,0.4346153846153846,0.41825095057034223,0.38113207547169814,0.3511450381679389,0.3204633204633205,0.3046875,0.25680933852140075,0.2265625,0.20784313725490197,0.18992248062015504,0.16602316602316602,0.14785992217898833,0.1640625,0.14682539682539683,0.148,0.144,0.1607843137254902,0.12301587301587301
45,0.212564975,0.5021097046413502,0.5165289256198347,0.5211864406779662,0.502127659574468,0.5042372881355932,0.43037974683544306,0.4248927038626609,0.4334763948497854,0.4810126582278481,0.4678111587982833,0.502092050209205,0.45643153526970953,0.38271604938271603,0.3950617283950617,0.39183673469387753,0.4048582995951417,0.43621399176954734,0.45,0.4375,0.46218487394957986,0.44871794871794873,0.4434782608695652,0.4185022026431718,0.4672489082969432,0.3922413793103448,0.34913793103448276,0.2956521739130435,0.29130434782608694,0.27631578947368424,0.2445414847161572,0.18614718614718614,0.15948275862068967,0.15217391304347827,0.17982456140350878,0.1826086956521739,0.22077922077922077
46,0.146214077,0.21951219512195122,0.23265306122448978,0.225,0.21518987341772153,0.25630252100840334,0.2886178861788618,0.3588709677419355,0.40963855421686746,0.4474708171206226,0.4653846153846154,0.4356060606060606,0.4496124031007752,0.5039370078740157,0.4342629482071713,0.45934959349593496,0.46530612244897956,0.4279835390946502,0.41422594142259417,0.430327868852459,0.42857142857142855,0.44176706827309237,0.448,0.484251968503937,0.46511627906976744,0.4392156862745098,0.3686274509803922,0.3147410358565737,0.25806451612903225,0.23387096774193547,0.196,0.1626984126984127,0.1383399209486166,0.12109375,0.10236220472440945,0.0933852140077821,0.08661417322834646
47,0.183024942,0.5146443514644351,0.4730290456431535,0.4291497975708502,0.41295546558704455,0.39357429718875503,0.3401639344262295,0.32113821138211385,0.2971887550200803,0.3089430894308943,0.38016528925619836,0.4669421487603306,0.46530612244897956,0.46558704453441296,0.4713114754098361,0.46938775510204084,0.5101214574898786,0.5,0.4897959183673469,0.4857142857142857,0.4775510204081633,0.43951612903225806,0.4302788844621514,0.4251968503937008,0.41106719367588934,0.390625,0.2952755905511811,0.2261904761904762,0.15476190476190477,0.09716599190283401,0.07346938775510205,0.09387755102040816,0.09504132231404959,0.09053497942386832,0.09787234042553192,0.08658008658008658,0.07048458149779736
48,0.061989208,0.14049586776859505,0.16666666666666666,0.19148936170212766,0.18907563025210083,0.2127659574468085,0.20600858369098712,0.1888412017167382,0.18025751072961374,0.16666666666666666,0.1581196581196581,0.15450643776824036,0.1350210970464135,0.1271186440677966,0.11666666666666667,0.1,0.10833333333333334,0.10970464135021098,0.1087866108786611,0.09465020576131687,0.0942622950819672,0.09053497942386832,0.09166666666666666,0.08163265306122448,0.0823045267489712,0.08333333333333333,0.0743801652892562,0.056910569105691054,0.056451612903225805,0.053061224489795916,0.036585365853658534,0.025210084033613446,0.0211864406779661,0.012605042016806723,0.008583690987124463,0.00847457627118644,0.00423728813559322
49,0.188881634,0.44696969696969696,0.4367816091954023,0.4448818897637795,0.42570281124497994,0.37751004016064255,0.38247011952191234,0.41106719367588934,0.3715415019762846,0.3875968992248062,0.4122137404580153,0.41923076923076924,0.40077821011673154,0.36964980544747084,0.35135135135135137,0.36398467432950193,0.3522727272727273,0.35094339622641507,0.37453183520599254,0.44274809160305345,0.4524714828897338,0.49812734082397003,0.4962686567164179,0.49624060150375937,0.47674418604651164,0.4389312977099237,0.42366412213740456,0.3931297709923664,0.34099616858237547,0.2537878787878788,0.21839080459770116,0.20454545454545456,0.17424242424242425,0.155893536121673,0.13909774436090225,0.13257575757575757,0.1434108527131783
50,0.16074059999999998,0.2597402597402597,0.22943722943722944,0.23555555555555555,0.24347826086956523,0.2703862660944206,0.3347457627118644,0.3577586206896552,0.3706896551724138,0.3948497854077253,0.4675324675324675,0.4721030042918455,0.4364406779661017,0.3807531380753138,0.34177215189873417,0.30638297872340425,0.288135593220339,0.2765957446808511,0.27391304347826084,0.25957446808510637,0.2773109243697479,0.32051282051282054,0.3389830508474576,0.38589211618257263,0.38493723849372385,0.4024896265560166,0.3723849372384937,0.326271186440678,0.2597402597402597,0.24568965517241378,0.2033898305084746,0.18143459915611815,0.13733905579399142,0.10548523206751055,0.0847457627118644,0.056910569105691054,0.048582995951417005
51,0.11730096400000001,0.365296803652968,0.3333333333333333,0.31797235023041476,0.3302325581395349,0.35348837209302325,0.3474178403755869,0.35585585585585583,0.3755656108597285,0.32599118942731276,0.31601731601731603,0.2956521739130435,0.3148936170212766,0.28448275862068967,0.24034334763948498,0.2608695652173913,0.3146551724137931,0.3463203463203463,0.3463203463203463,0.35344827586206895,0.3333333333333333,0.3333333333333333,0.3008474576271186,0.3138075313807531,0.3138075313807531,0.2723404255319149,0.24583333333333332,0.19747899159663865,0.17446808510638298,0.16736401673640167,0.12653061224489795,0.11646586345381527,0.12749003984063745,0.12109375,0.1274131274131274,0.12260536398467432,0.12213740458015267
52,0.14909771800000002,0.354978354978355,0.354978354978355,0.3924050632911392,0.3728813559322034,0.41841004184100417,0.42916666666666664,0.44129554655870445,0.45714285714285713,0.44081632653061226,0.43089430894308944,0.4186991869918699,0.4156378600823045,0.4625,0.4375,0.4669421487603306,0.48582995951417,0.4959016393442623,0.47346938775510206,0.4225941422594142,0.4411764705882353,0.36752136752136755,0.34615384615384615,0.3803418803418803,0.4017094017094017,0.3577586206896552,0.3305084745762712,0.2768595041322314,0.23770491803278687,0.21721311475409835,0.2163265306122449,0.18951612903225806,0.16733067729083664,0.1593625498007968,0.13709677419354838,0.12,0.10483870967741936
53,0.211348349,0.4595744680851064,0.43722943722943725,0.4260869565217391,0.44541484716157204,0.45454545454545453,0.4824561403508772,0.5151515151515151,0.46153846153846156,0.4769874476987448,0.4793388429752066,0.48760330578512395,0.46938775510204084,0.4801587301587302,0.47244094488188976,0.4063745019920319,0.43253968253968256,0.44,0.4523809523809524,0.47035573122529645,0.45348837209302323,0.44313725490196076,0.403921568627451,0.42857142857142855,0.37549407114624506,0.32661290322580644,0.2620967741935484,0.22857142857142856,0.17886178861788618,0.14644351464435146,0.11983471074380166,0.0942622950819672,0.0846774193548387,0.08433734939759036,0.07171314741035857,0.06746031746031746,0.0873015873015873
54,0.220778582,0.44396551724137934,0.4482758620689655,0.42105263157894735,0.41333333333333333,0.36681222707423583,0.34347826086956523,0.32599118942731276,0.3407079646017699,0.38222222222222224,0.3672566371681416,0.3782608695652174,0.3826086956521739,0.3879310344827586,0.43162393162393164,0.42127659574468085,0.4152542372881356,0.3983050847457627,0.3347457627118644,0.31092436974789917,0.3276595744680851,0.3855932203389831,0.4110169491525424,0.4579831932773109,0.5107296137339056,0.45064377682403434,0.38461538461538464,0.30434782608695654,0.2290748898678414,0.14732142857142858,0.09913793103448276,0.08733624454148471,0.05263157894736842,0.04405286343612335,0.03125,0.021739130434782608,0.021739130434782608
55,0.21328092199999998,0.49382716049382713,0.5147679324894515,0.48523206751054854,0.5189873417721519,0.5042016806722689,0.4666666666666667,0.42016806722689076,0.4,0.40585774058577406,0.45643153526970953,0.4393305439330544,0.4666666666666667,0.44214876033057854,0.49173553719008267,0.5020576131687243,0.4979253112033195,0.5,0.47107438016528924,0.4190871369294606,0.39094650205761317,0.39166666666666666,0.3625,0.38235294117647056,0.3659574468085106,0.33613445378151263,0.25630252100840334,0.2125,0.18723404255319148,0.19421487603305784,0.18565400843881857,0.14522821576763487,0.11618257261410789,0.09166666666666666,0.058333333333333334,0.05042016806722689,0.04721030042918455
56,0.11670346599999999,0.3206751054852321,0.2553191489361702,0.2264957264957265,0.21794871794871795,0.2,0.24369747899159663,0.2320675105485232,0.25738396624472576,0.3235294117647059,0.3261802575107296,0.3220338983050847,0.33755274261603374,0.288135593220339,0.2711864406779661,0.26639344262295084,0.24279835390946503,0.23868312757201646,0.2,0.189873417721519,0.2,0.2074688796680498,0.23770491803278687,0.24390243902439024,0.25,0.21774193548387097,0.21031746031746032,0.19123505976095617,0.17120622568093385,0.15503875968992248,0.14901960784313725,0.13953488372093023,0.15625,0.11067193675889328,0.1062992125984252,0.09411764705882353,0.07874015748031496
57,0.09472371199999999,0.23461538461538461,0.19140625,0.20080321285140562,0.1991869918699187,0.22131147540983606,0.226890756302521,0.2384937238493724,0.2594142259414226,0.25925925925925924,0.264,0.2868525896414343,0.2948207171314741,0.291497975708502,0.27309236947791166,0.2619047619047619,0.23412698412698413,0.22134387351778656,0.2,0.17338709677419356,0.15725806451612903,0.16194331983805668,0.17842323651452283,0.1991701244813278,0.23109243697478993,0.2297872340425532,0.21304347826086956,0.18385650224215247,0.16289592760180996,0.12162162162162163,0.14473684210526316,0.13675213675213677,0.1222707423580786,0.1013215859030837,0.08968609865470852,0.07623318385650224,0.05803571428571429
58,0.09505964800000001,0.23076923076923078,0.23684210526315788,0.2311111111111111,0.22026431718061673,0.2096069868995633,0.2,0.2168141592920354,0.19555555555555557,0.21428571428571427,0.22869955156950672,0.23636363636363636,0.23255813953488372,0.2073732718894009,0.2191780821917808,0.19730941704035873,0.19111111111111112,0.21585903083700442,0.22707423580786026,0.20588235294117646,0.19831223628691982,0.25630252100840334,0.270042194092827,0.2875,0.3236514522821577,0.3263598326359833,0.30578512396694213,0.25311203319502074,0.2139917695473251,0.21224489795918366,0.1659919028340081,0.132,0.09795918367346938,0.0823045267489712,0.07883817427385892,0.0759493670886076,0.06808510638297872
59,0.084455117,0.13617021276595745,0.11914893617021277,0.11965811965811966,0.11715481171548117,0.1115702479338843,0.11203319502074689,0.1322314049586777,0.12396694214876033,0.125,0.13545816733067728,0.1541501976284585,0.1388888888888889,0.1693548387096774,0.2,0.21224489795918366,0.2073170731707317,0.20408163265306123,0.1825726141078838,0.18292682926829268,0.168,0.1566265060240964,0.132,0.12992125984251968,0.11904761904761904,0.12156862745098039,0.12015503875968993,0.11923076923076924,0.11372549019607843,0.11023622047244094,0.088,0.07114624505928854,0.060240963855421686,0.04365079365079365,0.05426356589147287,0.04296875,0.043478260869565216
60,0.07387015799999999,0.16535433070866143,0.1626984126984127,0.16666666666666666,0.1700404858299595,0.2,0.1885245901639344,0.18442622950819673,0.2024793388429752,0.18143459915611815,0.1908713692946058,0.20502092050209206,0.2024793388429752,0.2125,0.175,0.17355371900826447,0.1522633744855967,0.1440329218106996,0.13991769547325103,0.12033195020746888,0.11715481171548117,0.11864406779661017,0.11814345991561181,0.11715481171548117,0.12033195020746888,0.11618257261410789,0.11885245901639344,0.10569105691056911,0.09917355371900827,0.08677685950413223,0.07024793388429752,0.044534412955465584,0.044715447154471545,0.032388663967611336,0.024793388429752067,0.02,0.027777777777777776
61,0.159194138,0.3364485981308411,0.35046728971962615,0.3581395348837209,0.37104072398190047,0.38073394495412843,0.3761467889908257,0.33796296296296297,0.3443396226415094,0.39090909090909093,0.423963133640553,0.45754716981132076,0.4312796208530806,0.3933649289099526,0.3925233644859813,0.3835616438356164,0.4090909090909091,0.3632286995515695,0.3257918552036199,0.3130434782608696,0.29515418502202645,0.30666666666666664,0.3275862068965517,0.33766233766233766,0.3333333333333333,0.3185840707964602,0.2894736842105263,0.21333333333333335,0.16517857142857142,0.16444444444444445,0.13122171945701358,0.12727272727272726,0.1004566210045662,0.10091743119266056,0.08333333333333333,0.07834101382488479,0.07407407407407407
62,0.080405425,0.25101214574898784,0.22983870967741934,0.236,0.25193798449612403,0.26153846153846155,0.30268199233716475,0.3192307692307692,0.32421875,0.28294573643410853,0.2702702702702703,0.24528301886792453,0.27169811320754716,0.23193916349809887,0.21374045801526717,0.23193916349809887,0.24344569288389514,0.26394052044609667,0.27611940298507465,0.23880597014925373,0.22264150943396227,0.23684210526315788,0.21292775665399238,0.19157088122605365,0.16988416988416988,0.14615384615384616,0.1183206106870229,0.09652509652509653,0.08076923076923077,0.06589147286821706,0.05405405405405406,0.05,0.057692307692307696,0.04980842911877394,0.04597701149425287,0.04961832061068702,0.046875
63,0.20162605100000003,0.3904382470119522,0.34274193548387094,0.356,0.4008097165991903,0.43373493975903615,0.4166666666666667,0.42616033755274263,0.45491803278688525,0.4291497975708502,0.46215139442231074,0.52,0.5634920634920635,0.5813953488372093,0.5296442687747036,0.5375494071146245,0.5691056910569106,0.5510204081632653,0.5040322580645161,0.48249027237354086,0.5175097276264592,0.48046875,0.5059760956175299,0.5362903225806451,0.5564516129032258,0.47808764940239046,0.41106719367588934,0.38823529411764707,0.38223938223938225,0.37209302325581395,0.3622641509433962,0.30566037735849055,0.24621212121212122,0.19245283018867926,0.14339622641509434,0.12734082397003746,0.12830188679245283
64,0.223133745,0.51171875,0.49416342412451364,0.46825396825396826,0.4396887159533074,0.4448818897637795,0.5291828793774319,0.5366795366795367,0.5214007782101168,0.5283018867924528,0.5407407407407407,0.5934065934065934,0.572992700729927,0.5236363636363637,0.4725274725274725,0.5259259259259259,0.4925925925925926,0.4632352941176471,0.45185185185185184,0.4944237918215613,0.4833948339483395,0.391304347826087,0.39636363636363636,0.4542124542124542,0.4485294117647059,0.4015151515151515,0.32222222222222224,0.26666666666666666,0.1947565543071161,0.13358778625954199,0.10305343511450382,0.09191176470588236,0.07806691449814127,0.06227106227106227,0.06474820143884892,0.053763440860215055,0.0711743772241993
65,0.222661258,0.48616600790513836,0.4627450980392157,0.4591439688715953,0.46484375,0.5330739299610895,0.541501976284585,0.4826254826254826,0.48846153846153845,0.4573643410852713,0.4573643410852713,0.4367816091954023,0.42084942084942084,0.40077821011673154,0.3665338645418327,0.37142857142857144,0.4448979591836735,0.44534412955465585,0.48,0.472,0.453125,0.4085603112840467,0.37404580152671757,0.36046511627906974,0.4015748031496063,0.3464566929133858,0.2992125984251969,0.2727272727272727,0.25196850393700787,0.2350597609561753,0.21052631578947367,0.19834710743801653,0.2,0.20588235294117646,0.20416666666666666,0.2,0.1836734693877551
66,0.20610229,0.44672131147540983,0.51440329218107,0.5666666666666667,0.5165289256198347,0.4898785425101215,0.4057377049180328,0.35080645161290325,0.3224489795918367,0.3045267489711934,0.2946058091286307,0.31512605042016806,0.27310924369747897,0.28870292887029286,0.3080168776371308,0.35833333333333334,0.3755274261603376,0.45569620253164556,0.4327731092436975,0.44398340248962653,0.3991769547325103,0.41700404858299595,0.3904382470119522,0.4112903225806452,0.4105691056910569,0.3333333333333333,0.316,0.3,0.34,0.35019455252918286,0.36363636363636365,0.3092369477911647,0.2749003984063745,0.21774193548387097,0.1935483870967742,0.17269076305220885,0.16733067729083664
67,0.205438082,0.35294117647058826,0.37130801687763715,0.3697478991596639,0.3760330578512397,0.4186991869918699,0.44534412955465585,0.4722222222222222,0.47808764940239046,0.4738955823293173,0.49795918367346936,0.5203252032520326,0.5483870967741935,0.5120967741935484,0.4314516129032258,0.3944223107569721,0.42063492063492064,0.464,0.4798387096774194,0.490272373540856,0.4806201550387597,0.5019455252918288,0.5252918287937743,0.5546875,0.5408560311284046,0.45136186770428016,0.3946360153256705,0.3068181818181818,0.23076923076923078,0.23938223938223938,0.2596899224806202,0.22568093385214008,0.2,0.16470588235294117,0.15810276679841898,0.10588235294117647,0.0859375
68,0.077535115,0.12446351931330472,0.12987012987012986,0.1111111111111111,0.1,0.1111111111111111,0.10655737704918032,0.11740890688259109,0.11020408163265306,0.10245901639344263,0.10699588477366255,0.09716599190283401,0.09795918367346938,0.0942622950819672,0.0912863070539419,0.07883817427385892,0.075,0.06329113924050633,0.059322033898305086,0.055793991416309016,0.05508474576271186,0.06751054852320675,0.11203319502074689,0.11428571428571428,0.13360323886639677,0.13306451612903225,0.12156862745098039,0.12941176470588237,0.11153846153846154,0.10505836575875487,0.08300395256916997,0.0622568093385214,0.04330708661417323,0.03137254901960784,0.027777777777777776,0.032,0.036734693877551024
69,0.212830407,0.4576271186440678,0.4315352697095436,0.3670886075949367,0.3900414937759336,0.4567901234567901,0.5168067226890757,0.4897959183673469,0.5060728744939271,0.4900398406374502,0.512,0.48582995951417,0.46311475409836067,0.45643153526970953,0.4495798319327731,0.4149377593360996,0.3728813559322034,0.3686440677966102,0.3686440677966102,0.3855932203389831,0.4110169491525424,0.42735042735042733,0.4592274678111588,0.49572649572649574,0.5299145299145299,0.4297872340425532,0.3559322033898305,0.3037974683544304,0.26778242677824265,0.25,0.20851063829787234,0.22317596566523606,0.17094017094017094,0.11688311688311688,0.1336206896551724,0.11618257261410789,0.1228813559322034
70,0.194712793,0.5296610169491526,0.5387931034482759,0.48484848484848486,0.48034934497816595,0.5316455696202531,0.5352697095435685,0.5487804878048781,0.5060728744939271,0.4816326530612245,0.436,0.4555984555984556,0.47104247104247104,0.444015444015444,0.4496124031007752,0.4517374517374517,0.4674329501915709,0.4312977099236641,0.4230769230769231,0.35471698113207545,0.3650190114068441,0.3650190114068441,0.3831417624521073,0.3473282442748092,0.36742424242424243,0.32954545454545453,0.29615384615384616,0.26153846153846155,0.2222222222222222,0.21031746031746032,0.17054263565891473,0.14396887159533073,0.11877394636015326,0.10227272727272728,0.10227272727272728,0.10606060606060606,0.12643678160919541
71,0.195135098,0.3855932203389831,0.4194915254237288,0.4608695652173913,0.44396551724137934,0.4177215189873418,0.3881856540084388,0.3276595744680851,0.29914529914529914,0.2826086956521739,0.2832618025751073,0.3056768558951965,0.29831932773109243,0.32340425531914896,0.29130434782608694,0.28193832599118945,0.2324561403508772,0.2643171806167401,0.2943722943722944,0.34913793103448276,0.3803418803418803,0.41810344827586204,0.4291845493562232,0.42105263157894735,0.42731277533039647,0.4155844155844156,0.38461538461538464,0.2918454935622318,0.25213675213675213,0.22026431718061673,0.16371681415929204,0.10762331838565023,0.1031390134529148,0.09417040358744394,0.11363636363636363,0.11013215859030837,0.10714285714285714
72,0.17553455199999998,0.40789473684210525,0.39473684210526316,0.3788546255506608,0.41409691629955947,0.3794642857142857,0.42358078602620086,0.4669603524229075,0.4780701754385965,0.47391304347826085,0.4192139737991266,0.4247787610619469,0.38596491228070173,0.34913793103448276,0.2894736842105263,0.28695652173913044,0.28205128205128205,0.27074235807860264,0.24444444444444444,0.2782608695652174,0.3391304347826087,0.38427947598253276,0.39461883408071746,0.45248868778280543,0.4325581395348837,0.39631336405529954,0.3194444444444444,0.2535211267605634,0.20673076923076922,0.1848341232227488,0.1596244131455399,0.15348837209302327,0.14545454545454545,0.13063063063063063,0.11160714285714286,0.11555555555555555,0.08597285067873303
73,0.07736293400000001,0.13671875,0.12109375,0.1377952755905512,0.14728682170542637,0.16731517509727625,0.16923076923076924,0.16216216216216217,0.19215686274509805,0.19066147859922178,0.20689655172413793,0.22178988326848248,0.2235294117647059,0.22529644268774704,0.22134387351778656,0.22310756972111553,0.22540983606557377,0.2024793388429752,0.2425531914893617,0.25630252100840334,0.23236514522821577,0.2375,0.22406639004149378,0.21794871794871795,0.19831223628691982,0.20168067226890757,0.18220338983050846,0.14957264957264957,0.13247863247863248,0.11063829787234042,0.09322033898305085,0.1016949152542373,0.0944206008583691,0.08823529411764706,0.08860759493670886,0.08333333333333333,0.06882591093117409
74,0.19620574600000001,0.3319672131147541,0.3724696356275304,0.41295546558704455,0.49612403100775193,0.5058365758754864,0.5196850393700787,0.5252918287937743,0.5172413793103449,0.5305343511450382,0.5076923076923077,0.44274809160305345,0.43703703703703706,0.4148148148148148,0.376865671641791,0.38661710037174724,0.3962962962962963,0.4117647058823529,0.4725274725274725,0.48214285714285715,0.5595667870036101,0.5785714285714286,0.6036363636363636,0.5905797101449275,0.5477941176470589,0.4349442379182156,0.33455882352941174,0.27205882352941174,0.24723247232472326,0.23272727272727273,0.24,0.23381294964028776,0.21785714285714286,0.19718309859154928,0.16842105263157894,0.12056737588652482,0.1413427561837456
75,0.053976808,0.14728682170542637,0.16602316602316602,0.1607843137254902,0.15384615384615385,0.14728682170542637,0.15748031496062992,0.1607843137254902,0.14285714285714285,0.14056224899598393,0.13545816733067728,0.13333333333333333,0.1450381679389313,0.14396887159533073,0.15294117647058825,0.14396887159533073,0.140625,0.1517509727626459,0.140625,0.1532567049808429,0.13157894736842105,0.1183206106870229,0.11153846153846154,0.09689922480620156,0.10646387832699619,0.0916030534351145,0.0784313725490196,0.07114624505928854,0.07114624505928854,0.06746031746031746,0.064,0.051587301587301584,0.04048582995951417,0.040160642570281124,0.04743083003952569,0.03968253968253968,0.028225806451612902
76,0.21084724100000002,0.4100418410041841,0.42436974789915966,0.47280334728033474,0.4634146341463415,0.4493927125506073,0.4024390243902439,0.396,0.4112903225806452,0.42448979591836733,0.3861788617886179,0.3895582329317269,0.38866396761133604,0.45491803278688525,0.4314516129032258,0.4426877470355731,0.48249027237354086,0.4743083003952569,0.4624505928853755,0.4150197628458498,0.4392156862745098,0.47058823529411764,0.47058823529411764,0.4573643410852713,0.42366412213740456,0.38022813688212925,0.3230769230769231,0.23954372623574144,0.19771863117870722,0.17045454545454544,0.14885496183206107,0.12213740458015267,0.11320754716981132,0.11363636363636363,0.1348314606741573,0.16853932584269662,0.17777777777777778
77,0.056828316,0.19583333333333333,0.18181818181818182,0.15611814345991562,0.12605042016806722,0.12863070539419086,0.0970464135021097,0.0954356846473029,0.08196721311475409,0.06967213114754098,0.06910569105691057,0.08536585365853659,0.0823045267489712,0.10080645161290322,0.09523809523809523,0.10276679841897234,0.09803921568627451,0.10505836575875487,0.10465116279069768,0.10902255639097744,0.11524163568773234,0.1018867924528302,0.09195402298850575,0.09615384615384616,0.07421875,0.07364341085271318,0.06589147286821706,0.058823529411764705,0.046875,0.032,0.024,0.024193548387096774,0.016194331983805668,0.004016064257028112,0.0,0.0,0.0
78,0.17252092800000002,0.39574468085106385,0.4322033898305085,0.453781512605042,0.4279661016949153,0.40336134453781514,0.37446808510638296,0.3333333333333333,0.3146551724137931,0.3652173913043478,0.3879310344827586,0.4406779661016949,0.4375,0.48770491803278687,0.4816326530612245,0.4959016393442623,0.47368421052631576,0.4493927125506073,0.3795918367346939,0.39759036144578314,0.42971887550200805,0.4959677419354839,0.5161290322580645,0.5992063492063492,0.58203125,0.52734375,0.47808764940239046,0.36904761904761907,0.2777777777777778,0.22134387351778656,0.14342629482071714,0.11372549019607843,0.092,0.09163346613545817,0.068,0.0784313725490196,0.07905138339920949
79,0.127577472,0.34513274336283184,0.3393665158371041,0.36363636363636365,0.35454545454545455,0.3211009174311927,0.27149321266968324,0.21266968325791855,0.1643835616438356,0.16289592760180996,0.17972350230414746,0.167420814479638,0.22123893805309736,0.23348017621145375,0.27631578947368424,0.2875536480686695,0.2765957446808511,0.28205128205128205,0.3177966101694915,0.3277310924369748,0.3776824034334764,0.39915966386554624,0.3958333333333333,0.39344262295081966,0.4032258064516129,0.35772357723577236,0.3386454183266932,0.27380952380952384,0.244,0.24897959183673468,0.2222222222222222,0.17916666666666667,0.16806722689075632,0.15163934426229508,0.10612244897959183,0.07755102040816327,0.07407407407407407
80,0.104926979,0.2537878787878788,0.27099236641221375,0.2840909090909091,0.25193798449612403,0.2549019607843137,0.20634920634920634,0.17670682730923695,0.1693548387096774,0.1693548387096774,0.20816326530612245,0.20080321285140562,0.199203187250996,0.20717131474103587,0.2047244094488189,0.21875,0.21011673151750973,0.21912350597609562,0.20634920634920634,0.1968503937007874,0.19047619047619047,0.19123505976095617,0.17813765182186234,0.1700404858299595,0.15510204081632653,0.13580246913580246,0.1214574898785425,0.10699588477366255,0.0954356846473029,0.075,0.06666666666666667,0.037037037037037035,0.024896265560165973,0.02074688796680498,0.02531645569620253,0.02510460251046025,0.016736401673640166
81,0.21440138399999997,0.4591439688715953,0.42412451361867703,0.4496124031007752,0.41472868217054265,0.44047619047619047,0.45703125,0.4669260700389105,0.4523809523809524,0.424,0.464,0.48616600790513836,0.4666666666666667,0.4782608695652174,0.5196850393700787,0.5155038759689923,0.4330708661417323,0.46062992125984253,0.47843137254901963,0.5099601593625498,0.45564516129032256,0.4642857142857143,0.4603174603174603,0.5357142857142857,0.5652173913043478,0.45454545454545453,0.3946360153256705,0.3484848484848485,0.25757575757575757,0.21292775665399238,0.23282442748091603,0.1946564885496183,0.22137404580152673,0.210727969348659,0.18702290076335878,0.17228464419475656,0.1839080459770115
82,0.19415545899999997,0.39908256880733944,0.3936651583710407,0.38839285714285715,0.3466666666666667,0.3648068669527897,0.36681222707423583,0.3920704845814978,0.3805309734513274,0.35267857142857145,0.34051724137931033,0.3179916317991632,0.37344398340248963,0.4100418410041841,0.40425531914893614,0.37130801687763715,0.4127659574468085,0.3949579831932773,0.34309623430962344,0.3504273504273504,0.3562231759656652,0.36796536796536794,0.3537117903930131,0.3275862068965517,0.28448275862068967,0.24017467248908297,0.2217391304347826,0.20600858369098712,0.20869565217391303,0.19742489270386265,0.21551724137931033,0.22317596566523606,0.21367521367521367,0.2317596566523605,0.2,0.17573221757322174,0.15637860082304528
83,0.086951968,0.1776061776061776,0.16091954022988506,0.16535433070866143,0.16205533596837945,0.17786561264822134,0.18823529411764706,0.21176470588235294,0.23552123552123552,0.2339622641509434,0.27756653992395436,0.28517110266159695,0.2950191570881226,0.3153846153846154,0.3088803088803089,0.28517110266159695,0.30597014925373134,0.2900763358778626,0.29545454545454547,0.2737642585551331,0.25190839694656486,0.2366412213740458,0.1856060606060606,0.17938931297709923,0.19391634980988592,0.18604651162790697,0.1724137931034483,0.15503875968992248,0.12109375,0.12698412698412698,0.13725490196078433,0.12840466926070038,0.12307692307692308,0.109375,0.08949416342412451,0.08949416342412451,0.09486166007905138
84,0.066035152,0.09523809523809523,0.0815450643776824,0.06866952789699571,0.06866952789699571,0.06060606060606061,0.07296137339055794,0.06060606060606061,0.06060606060606061,0.0611353711790393,0.07017543859649122,0.0735930735930736,0.06140350877192982,0.05855855855855856,0.05357142857142857,0.04,0.03896103896103896,0.047619047619047616,0.05555555555555555,0.06779661016949153,0.07053941908713693,0.0875,0.08898305084745763,0.12184873949579832,0.14345991561181434,0.16317991631799164,0.1581196581196581,0.13973799126637554,0.12831858407079647,0.10666666666666667,0.07488986784140969,0.057777777777777775,0.04,0.022026431718061675,0.02145922746781116,0.02631578947368421,0.02666666666666667
85,0.132298103,0.38497652582159625,0.38028169014084506,0.3684210526315789,0.33816425120772947,0.2946859903381642,0.27403846153846156,0.22169811320754718,0.205607476635514,0.21296296296296297,0.1834862385321101,0.24107142857142858,0.28125,0.32,0.33031674208144796,0.35,0.3542600896860987,0.3482142857142857,0.3244444444444444,0.29646017699115046,0.28193832599118945,0.2807017543859649,0.2775330396475771,0.3141592920353982,0.31877729257641924,0.2920353982300885,0.26956521739130435,0.22413793103448276,0.17446808510638298,0.1581196581196581,0.13924050632911392,0.13304721030042918,0.11739130434782609,0.08658008658008658,0.05194805194805195,0.05286343612334802,0.043478260869565216
86,0.058760748,0.12547528517110265,0.13618677042801555,0.15079365079365079,0.14979757085020243,0.15637860082304528,0.1522633744855967,0.14644351464435146,0.12448132780082988,0.1134453781512605,0.125,0.10887096774193548,0.11740890688259109,0.1087866108786611,0.10743801652892562,0.10970464135021098,0.11864406779661017,0.13675213675213677,0.14163090128755365,0.1483050847457627,0.14893617021276595,0.13983050847457626,0.1271186440677966,0.1308016877637131,0.12931034482758622,0.11790393013100436,0.1111111111111111,0.10683760683760683,0.1059322033898305,0.10300429184549356,0.08296943231441048,0.06140350877192982,0.06493506493506493,0.043668122270742356,0.044642857142857144,0.04035874439461883,0.04017857142857143
87,0.219924653,0.48058252427184467,0.4784688995215311,0.5528846153846154,0.5283018867924528,0.5395348837209303,0.5694444444444444,0.5610859728506787,0.5412844036697247,0.5405405405405406,0.5590909090909091,0.5619469026548672,0.5531914893617021,0.5555555555555556,0.5646551724137931,0.5726495726495726,0.5720524017467249,0.5394736842105263,0.5535714285714286,0.5560538116591929,0.4888888888888889,0.4657534246575342,0.43946188340807174,0.44594594594594594,0.40825688073394495,0.30697674418604654,0.2962962962962963,0.20574162679425836,0.18660287081339713,0.185,0.208955223880597,0.21890547263681592,0.2019704433497537,0.16267942583732056,0.17475728155339806,0.19230769230769232,0.1875
88,0.187052219,0.4087301587301587,0.43478260869565216,0.41732283464566927,0.40234375,0.38910505836575876,0.38188976377952755,0.35714285714285715,0.364,0.41832669322709165,0.38976377952755903,0.3828125,0.3607843137254902,0.41732283464566927,0.43478260869565216,0.4409448818897638,0.4426877470355731,0.40711462450592883,0.396,0.36904761904761907,0.3843137254901961,0.3700787401574803,0.3764705882352941,0.3798449612403101,0.36186770428015563,0.3024193548387097,0.23694779116465864,0.19047619047619047,0.19066147859922178,0.2125984251968504,0.233201581027668,0.23015873015873015,0.19433198380566802,0.17959183673469387,0.16049382716049382,0.14979757085020243,0.124
89,0.10669832900000001,0.3780487804878049,0.348,0.3333333333333333,0.37398373983739835,0.3815261044176707,0.33858267716535434,0.31496062992125984,0.2868525896414343,0.292,0.276,0.26666666666666666,0.2608695652173913,0.29133858267716534,0.31746031746031744,0.3031496062992126,0.3125,0.3151750972762646,0.3031496062992126,0.3058823529411765,0.2874015748031496,0.304,0.3442622950819672,0.3614457831325301,0.35968379446640314,0.32421875,0.296875,0.25882352941176473,0.1953125,0.15294117647058825,0.13147410358565736,0.09881422924901186,0.068,0.0728744939271255,0.060240963855421686,0.06854838709677419,0.07692307692307693
90,0.157010128,0.43209876543209874,0.4041666666666667,0.38589211618257263,0.41975308641975306,0.43548387096774194,0.4878048780487805,0.5390946502057613,0.5267489711934157,0.4859437751004016,0.4314516129032258,0.424,0.38372093023255816,0.44921875,0.4251968503937008,0.4331983805668016,0.3861788617886179,0.3951612903225806,0.37142857142857144,0.4032258064516129,0.42448979591836733,0.40160642570281124,0.3895582329317269,0.43089430894308944,0.43089430894308944,0.39591836734693875,0.33739837398373984,0.2793522267206478,0.22983870967741934,0.22448979591836735,0.21224489795918366,0.1728395061728395,0.16049382716049382,0.11740890688259109,0.09881422924901186,0.10038610038610038,0.08745247148288973
91,0.17477816300000001,0.34701492537313433,0.3622641509433962,0.376425855513308,0.37969924812030076,0.35984848484848486,0.311787072243346,0.2846441947565543,0.29213483146067415,0.3161764705882353,0.30111524163568776,0.31970260223048325,0.33458646616541354,0.3816793893129771,0.4362934362934363,0.4790874524714829,0.5114503816793893,0.4904214559386973,0.47924528301886793,0.4790874524714829,0.3886792452830189,0.37969924812030076,0.42366412213740456,0.4521072796934866,0.4490566037735849,0.3977272727272727,0.36466165413533835,0.31954887218045114,0.30451127819548873,0.31226765799256506,0.3345724907063197,0.31835205992509363,0.2781954887218045,0.2593984962406015,0.21052631578947367,0.1660377358490566,0.12167300380228137
92,0.108799437,0.23904382470119523,0.23045267489711935,0.24380165289256198,0.24152542372881355,0.23931623931623933,0.2803347280334728,0.3347457627118644,0.3333333333333333,0.31896551724137934,0.30735930735930733,0.27615062761506276,0.2742616033755274,0.25210084033613445,0.2572614107883817,0.23651452282157676,0.22821576763485477,0.23333333333333334,0.25523012552301255,0.2804878048780488,0.25806451612903225,0.24180327868852458,0.2540983606557377,0.27309236947791166,0.2857142857142857,0.26639344262295084,0.2612244897959184,0.21951219512195122,0.17959183673469387,0.12916666666666668,0.1134453781512605,0.08050847457627118,0.06086956521739131,0.0603448275862069,0.05217391304347826,0.06437768240343347,0.06382978723404255
93,0.082819003,0.24267782426778242,0.26666666666666666,0.2644628099173554,0.25311203319502074,0.26778242677824265,0.2288135593220339,0.23430962343096234,0.2184873949579832,0.2077922077922078,0.18502202643171806,0.18584070796460178,0.17105263157894737,0.18859649122807018,0.21929824561403508,0.23008849557522124,0.23706896551724138,0.2575107296137339,0.28820960698689957,0.3231441048034934,0.34334763948497854,0.3406113537117904,0.3090128755364807,0.28451882845188287,0.2489451476793249,0.23043478260869565,0.19742489270386265,0.16595744680851063,0.1483050847457627,0.14102564102564102,0.1452991452991453,0.13559322033898305,0.11864406779661017,0.10833333333333334,0.09583333333333334,0.08298755186721991,0.08786610878661087
94,0.11945791800000001,0.3940677966101695,0.3771186440677966,0.3803418803418803,0.33755274261603374,0.345679012345679,0.3403361344537815,0.3601694915254237,0.3628691983122363,0.4092827004219409,0.4017094017094017,0.3723849372384937,0.33884297520661155,0.3360995850622407,0.3155737704918033,0.34274193548387094,0.3699186991869919,0.3551020408163265,0.32793522267206476,0.30677290836653387,0.30677290836653387,0.29959514170040485,0.291497975708502,0.30578512396694213,0.3112033195020747,0.2875,0.2551440329218107,0.2032520325203252,0.16334661354581673,0.1607843137254902,0.138996138996139,0.1274131274131274,0.11494252873563218,0.09125475285171103,0.09195402298850575,0.09578544061302682,0.08171206225680934
95,0.10646730800000001,0.27755102040816326,0.2821576763485477,0.2708333333333333,0.22764227642276422,0.23481781376518218,0.24193548387096775,0.2677165354330709,0.24015748031496062,0.26666666666666666,0.25296442687747034,0.26666666666666666,0.2633587786259542,0.2681992337164751,0.26996197718631176,0.32342007434944237,0.32209737827715357,0.3333333333333333,0.2967032967032967,0.2974910394265233,0.3049645390070922,0.3028169014084507,0.28825622775800713,0.27956989247311825,0.2743682310469314,0.26595744680851063,0.2222222222222222,0.15770609318996415,0.13978494623655913,0.12589928057553956,0.10622710622710622,0.0962962962962963,0.07806691449814127,0.06296296296296296,0.05474452554744526,0.06204379562043796,0.07194244604316546
96,0.192792363,0.3364485981308411,0.3440366972477064,0.3470319634703196,0.32272727272727275,0.29493087557603687,0.2916666666666667,0.323943661971831,0.3080568720379147,0.3157894736842105,0.330188679245283,0.36818181818181817,0.3901345291479821,0.3665158371040724,0.3542600896860987,0.3783783783783784,0.3640552995391705,0.39545454545454545,0.42272727272727273,0.47085201793721976,0.5067264573991032,0.5327510917030568,0.6217391304347826,0.6147186147186147,0.5800865800865801,0.5434782608695652,0.47413793103448276,0.3459915611814346,0.2863247863247863,0.26359832635983266,0.2625,0.20901639344262296,0.2024793388429752,0.18181818181818182,0.15,0.15853658536585366,0.1686746987951807
97,0.09102560800000001,0.09689922480620156,0.10344827586206896,0.13513513513513514,0.15057915057915058,0.17509727626459143,0.20717131474103587,0.24701195219123506,0.2204724409448819,0.21031746031746032,0.224,0.23387096774193547,0.2066115702479339,0.2175732217573222,0.2375,0.24380165289256198,0.2701612903225806,0.2880658436213992,0.2892561983471074,0.2891566265060241,0.2862903225806452,0.284,0.2631578947368421,0.24701195219123506,0.21052631578947367,0.1885245901639344,0.1593625498007968,0.13709677419354838,0.13114754098360656,0.10245901639344263,0.07723577235772358,0.04838709677419355,0.04365079365079365,0.03162055335968379,0.02766798418972332,0.027450980392156862,0.01568627450980392
98,0.15944613900000001,0.37117903930131,0.3537117903930131,0.36199095022624433,0.3333333333333333,0.34080717488789236,0.28193832599118945,0.2675438596491228,0.28888888888888886,0.27876106194690264,0.3185840707964602,0.33624454148471616,0.4034334763948498,0.452991452991453,0.47639484978540775,0.4491525423728814,0.4872881355932203,0.4224137931034483,0.40425531914893614,0.35714285714285715,0.33620689655172414,0.3391304347826087,0.3203463203463203,0.32751091703056767,0.3056768558951965,0.30303030303030304,0.2765957446808511,0.225,0.19665271966527198,0.1940928270042194,0.19831223628691982,0.19262295081967212,0.1721311475409836,0.17012448132780084,0.13924050632911392,0.1350210970464135,0.12554112554112554
99,0.132671886,0.37344398340248963,0.3677685950413223,0.3770491803278688,0.34439834024896265,0.32113821138211385,0.308,0.3346303501945525,0.35797665369649806,0.34375,0.36470588235294116,0.40625,0.403921568627451,0.4349593495934959,0.42738589211618255,0.39344262295081966,0.3975409836065574,0.38524590163934425,0.3805668016194332,0.35918367346938773,0.3836734693877551,0.3902439024390244,0.3902439024390244,0.37656903765690375,0.3559322033898305,0.3474576271186441,0.30962343096234307,0.25,0.200836820083682,0.18548387096774194,0.17928286852589642,0.16015625,0.16279069767441862,0.17829457364341086,0.14285714285714285,0.13043478260869565,0.09881422924901186
100,0.09102560800000001,0.33043478260869563,0.35319148936170214,0.3162393162393162,0.31223628691983124,0.2918454935622318,0.26991150442477874,0.2183406113537118,0.20614035087719298,0.19298245614035087,0.15486725663716813,0.17180616740088106,0.1592920353982301,0.16371681415929204,0.14349775784753363,0.1409090909090909,0.11659192825112108,0.1210762331838565,0.15137614678899083,0.18181818181818182,0.16744186046511628,0.16113744075829384,0.1542056074766355,0.1308411214953271,0.12735849056603774,0.11162790697674418,0.10407239819004525,0.10909090909090909,0.1232876712328767,0.11467889908256881,0.11009174311926606,0.11574074074074074,0.08796296296296297,0.049773755656108594,0.03686635944700461,0.0365296803652968,0.027777777777777776
